direction_id,direction_source_dataset,direction_component,direction_label,direction_is_global_baseline,target_dataset,alpha,clean_margin_bin,n_examples,n_base,flip_rate,flip_rate_ci_lo,flip_rate_ci_hi,mean_delta_margin,mean_delta_margin_ci_lo,mean_delta_margin_ci_hi,mean_clean_margin,mean_adv_margin
bbq:c0,bbq,0,Empathy and Assertiveness Direction,False,bbq,0.1,<0.25,8,3,0.0,0.0,0.0,0.029296875,-0.0234375,0.08203125,-0.017578125,0.01171875
bbq:c0,bbq,0,Empathy and Assertiveness Direction,False,gsm_mc,0.1,<0.25,9,3,0.3333333333333333,0.0,0.841666666666659,-0.021240234375,-0.055499267578125004,0.015201822916666658,-0.050944010416666664,-0.07218424479166667
bbq:c0,bbq,0,Empathy and Assertiveness Direction,False,math_mc,0.1,<0.25,9,4,0.0,0.0,0.0,0.042534722222222224,-0.0008680555555555555,0.0833550347222222,-0.016710069444444444,0.025824652777777776
bbq:c0,bbq,0,Empathy and Assertiveness Direction,False,mmlu,0.1,<0.25,10,6,0.16666666666666666,0.0,0.5,-0.02861328125,-0.057775878906249994,0.003601074218749967,0.05638427734375,0.02777099609375
bbq:c0,bbq,0,Empathy and Assertiveness Direction,False,sgxs,0.1,<0.25,22,14,0.07142857142857142,0.0,0.21428571428571427,0.017045454545454544,-0.005007102272727271,0.036931818181818184,0.03977272727272727,0.056818181818181816
bbq:c0,bbq,0,Empathy and Assertiveness Direction,False,bbq,0.1,>=2.0,30,7,0.0,0.0,0.0,0.03693440755208333,0.010901896158854167,0.060506896972656224,-1.5321614583333334,-1.49522705078125
bbq:c0,bbq,0,Empathy and Assertiveness Direction,False,gsm_mc,0.1,>=2.0,38,33,0.0,0.0,0.0,-0.01913291529605263,-0.03711194490131579,0.001435611122532892,2.8564645867598686,2.837331671463816
bbq:c0,bbq,0,Empathy and Assertiveness Direction,False,math_mc,0.1,>=2.0,51,46,0.0,0.0,0.0,-0.02204446231617647,-0.038939472273284315,-0.006307205499387279,3.7182377833946076,3.6961933210784315
bbq:c0,bbq,0,Empathy and Assertiveness Direction,False,mmlu,0.1,>=2.0,30,24,0.0,0.0,0.0,-0.015828323364257813,-0.03838059425354004,0.007193934122721343,2.292295201619466,2.276466878255208
bbq:c0,bbq,0,Empathy and Assertiveness Direction,False,sgxs,0.1,>=2.0,7,5,0.0,0.0,0.0,-0.008928571428571428,-0.05251116071428571,0.03242187499999995,1.0602678571428572,1.0513392857142858
bbq:c0,bbq,0,Empathy and Assertiveness Direction,False,bbq,0.1,"[0.25,0.5)",9,4,0.0,0.0,0.0,0.032684326171875,0.004877387152777778,0.06076278686523434,-0.07527330186631945,-0.04258897569444445
bbq:c0,bbq,0,Empathy and Assertiveness Direction,False,gsm_mc,0.1,"[0.25,0.5)",9,2,0.0,0.0,0.0,0.027126736111111112,0.004877387152777778,0.052083333333333336,-0.20225694444444445,-0.17513020833333334
bbq:c0,bbq,0,Empathy and Assertiveness Direction,False,math_mc,0.1,"[0.25,0.5)",4,0,0.0,,,0.044677734375,-0.00439453125,0.103271484375,-0.333251953125,-0.28857421875
bbq:c0,bbq,0,Empathy and Assertiveness Direction,False,mmlu,0.1,"[0.25,0.5)",22,11,0.0,0.0,0.0,-0.007035688920454545,-0.030269553444602273,0.01429665305397727,-0.002108487215909091,-0.009144176136363636
bbq:c0,bbq,0,Empathy and Assertiveness Direction,False,sgxs,0.1,"[0.25,0.5)",21,7,0.0,0.0,0.0,0.028273809523809524,-0.002976190476190476,0.05435267857142854,-0.11904761904761904,-0.09077380952380952
bbq:c0,bbq,0,Empathy and Assertiveness Direction,False,bbq,0.1,"[0.5,1.0)",27,16,0.0,0.0,0.0,0.02628467701099537,0.006150252730758102,0.04575672856083622,0.13285432038483797,0.15913899739583334
bbq:c0,bbq,0,Empathy and Assertiveness Direction,False,gsm_mc,0.1,"[0.5,1.0)",22,14,0.0,0.0,0.0,-0.03444602272727273,-0.05314053622159091,-0.015709339488636367,0.2129794034090909,0.17853338068181818
bbq:c0,bbq,0,Empathy and Assertiveness Direction,False,math_mc,0.1,"[0.5,1.0)",15,10,0.0,0.0,0.0,-0.002071126302083333,-0.03644775390625,0.032634277343749976,0.25592041015625,0.25384928385416666
bbq:c0,bbq,0,Empathy and Assertiveness Direction,False,mmlu,0.1,"[0.5,1.0)",19,16,0.0,0.0,0.0,0.016871402138157895,-0.005122134560032893,0.039822227076480254,0.5571835166529605,0.5740549187911185
bbq:c0,bbq,0,Empathy and Assertiveness Direction,False,sgxs,0.1,"[0.5,1.0)",21,10,0.0,0.0,0.0,-0.011160714285714286,-0.03759300595238095,0.010416666666666666,-0.031994047619047616,-0.043154761904761904
bbq:c0,bbq,0,Empathy and Assertiveness Direction,False,bbq,0.1,"[1.0,2.0)",26,8,0.0,0.0,0.0,0.047044020432692304,0.02237173227163462,0.07205763596754806,-0.5073336087740384,-0.46028958834134615
bbq:c0,bbq,0,Empathy and Assertiveness Direction,False,gsm_mc,0.1,"[1.0,2.0)",22,15,0.0,0.0,0.0,0.004244717684659091,-0.021734202991832385,0.032207974520596545,0.4691716974431818,0.4734164151278409
bbq:c0,bbq,0,Empathy and Assertiveness Direction,False,math_mc,0.1,"[1.0,2.0)",21,15,0.0,0.0,0.0,-0.00990876697358631,-0.02725450424920945,0.008970405941917767,0.761199224562872,0.7512904575892857
bbq:c0,bbq,0,Empathy and Assertiveness Direction,False,mmlu,0.1,"[1.0,2.0)",19,15,0.0,0.0,0.0,0.027175100226151317,0.005965825131064967,0.04736111289576479,0.8549435264185855,0.8821186266447368
bbq:c0,bbq,0,Empathy and Assertiveness Direction,False,sgxs,0.1,"[1.0,2.0)",29,14,0.0,0.0,0.0,0.003771551724137931,-0.014291487068965516,0.02183459051724137,0.004310344827586207,0.008081896551724138
bbq:c0,bbq,0,Empathy and Assertiveness Direction,False,bbq,0.3,<0.25,8,3,0.0,0.0,0.0,0.06640625,0.015625,0.12016601562499996,-0.017578125,0.048828125
bbq:c0,bbq,0,Empathy and Assertiveness Direction,False,gsm_mc,0.3,<0.25,9,3,0.3333333333333333,0.0,0.841666666666659,0.0002712673611111111,-0.04874403211805555,0.05115152994791665,-0.050944010416666664,-0.05067274305555555
bbq:c0,bbq,0,Empathy and Assertiveness Direction,False,math_mc,0.3,<0.25,9,4,0.0,0.0,0.0,0.015407986111111112,-0.0050021701388888885,0.034722222222222224,-0.016710069444444444,-0.0013020833333333333
bbq:c0,bbq,0,Empathy and Assertiveness Direction,False,mmlu,0.3,<0.25,10,6,0.0,0.0,0.0,-0.00972900390625,-0.05936553955078125,0.034577941894531235,0.05638427734375,0.0466552734375
bbq:c0,bbq,0,Empathy and Assertiveness Direction,False,sgxs,0.3,<0.25,22,14,0.14285714285714285,0.0,0.35714285714285715,0.008522727272727272,-0.019211647727272727,0.032670454545454544,0.03977272727272727,0.048295454545454544
bbq:c0,bbq,0,Empathy and Assertiveness Direction,False,bbq,0.3,>=2.0,30,7,0.0,0.0,0.0,0.1281494140625,0.0757025146484375,0.17540995279947913,-1.5321614583333334,-1.4040120442708333
bbq:c0,bbq,0,Empathy and Assertiveness Direction,False,gsm_mc,0.3,>=2.0,38,33,0.0,0.0,0.0,-0.05501516241776316,-0.08402308413856908,-0.023087672183388183,2.8564645867598686,2.8014494243421053
bbq:c0,bbq,0,Empathy and Assertiveness Direction,False,math_mc,0.3,>=2.0,51,46,0.0,0.0,0.0,-0.06754317938112746,-0.09608423569623162,-0.03718501072303923,3.7182377833946076,3.6506946040134802
bbq:c0,bbq,0,Empathy and Assertiveness Direction,False,mmlu,0.3,>=2.0,30,24,0.0,0.0,0.0,-0.054630406697591144,-0.09902840614318847,-0.010052264531453463,2.292295201619466,2.237664794921875
bbq:c0,bbq,0,Empathy and Assertiveness Direction,False,sgxs,0.3,>=2.0,7,5,0.0,0.0,0.0,-0.03794642857142857,-0.08482142857142858,0.004464285714285714,1.0602678571428572,1.0223214285714286
bbq:c0,bbq,0,Empathy and Assertiveness Direction,False,bbq,0.3,"[0.25,0.5)",9,4,0.0,0.0,0.0,0.04963853624131945,-0.006884256998697916,0.10790769788953992,-0.07527330186631945,-0.025634765625
bbq:c0,bbq,0,Empathy and Assertiveness Direction,False,gsm_mc,0.3,"[0.25,0.5)",9,2,0.0,0.0,0.0,0.013780381944444444,-0.02175835503472222,0.04993489583333331,-0.20225694444444445,-0.1884765625
bbq:c0,bbq,0,Empathy and Assertiveness Direction,False,math_mc,0.3,"[0.25,0.5)",4,0,0.0,,,0.04248046875,-0.0166015625,0.13818359375,-0.333251953125,-0.290771484375
bbq:c0,bbq,0,Empathy and Assertiveness Direction,False,mmlu,0.3,"[0.25,0.5)",22,11,0.0,0.0,0.0,-0.009255149147727272,-0.04117043235085227,0.01844926313920454,-0.002108487215909091,-0.011363636363636364
bbq:c0,bbq,0,Empathy and Assertiveness Direction,False,sgxs,0.3,"[0.25,0.5)",21,7,0.0,0.0,0.0,0.013392857142857142,-0.018638392857142853,0.048400297619047586,-0.11904761904761904,-0.1056547619047619
bbq:c0,bbq,0,Empathy and Assertiveness Direction,False,bbq,0.3,"[0.5,1.0)",27,16,0.0,0.0,0.0,0.04444150571469908,0.01268660933883102,0.07927924262152777,0.13285432038483797,0.17729582609953703
bbq:c0,bbq,0,Empathy and Assertiveness Direction,False,gsm_mc,0.3,"[0.5,1.0)",22,14,0.0,0.0,0.0,-0.021084872159090908,-0.05260786576704545,0.016447310014204543,0.2129794034090909,0.19189453125
bbq:c0,bbq,0,Empathy and Assertiveness Direction,False,math_mc,0.3,"[0.5,1.0)",15,10,0.0,0.0,0.0,0.0005655924479166667,-0.029063212076822918,0.02435119628906249,0.25592041015625,0.25648600260416665
bbq:c0,bbq,0,Empathy and Assertiveness Direction,False,mmlu,0.3,"[0.5,1.0)",19,16,0.0,0.0,0.0,-0.011542069284539474,-0.04087355764288651,0.017707583778782884,0.5571835166529605,0.545641447368421
bbq:c0,bbq,0,Empathy and Assertiveness Direction,False,sgxs,0.3,"[0.5,1.0)",21,10,0.0,0.0,0.0,-0.010416666666666666,-0.03571428571428571,0.016015624999999985,-0.031994047619047616,-0.04241071428571429
bbq:c0,bbq,0,Empathy and Assertiveness Direction,False,bbq,0.3,"[1.0,2.0)",26,8,0.0,0.0,0.0,0.07779634915865384,0.03896531325120192,0.11321317232572115,-0.5073336087740384,-0.42953725961538464
bbq:c0,bbq,0,Empathy and Assertiveness Direction,False,gsm_mc,0.3,"[1.0,2.0)",22,15,0.0,0.0,0.0,-0.020341352982954544,-0.050121238014914776,0.007431307705965902,0.4691716974431818,0.4488303444602273
bbq:c0,bbq,0,Empathy and Assertiveness Direction,False,math_mc,0.3,"[1.0,2.0)",21,15,0.0,0.0,0.0,-0.002479916527157738,-0.027758789062499997,0.022959227789015997,0.761199224562872,0.7587193080357143
bbq:c0,bbq,0,Empathy and Assertiveness Direction,False,mmlu,0.3,"[1.0,2.0)",19,15,0.0,0.0,0.0,-0.011733205694901315,-0.04654219777960526,0.023504277279502436,0.8549435264185855,0.8432103207236842
bbq:c0,bbq,0,Empathy and Assertiveness Direction,False,sgxs,0.3,"[1.0,2.0)",29,14,0.0,0.0,0.0,0.010237068965517241,-0.019140624999999998,0.03825431034482758,0.004310344827586207,0.014547413793103448
bbq:c0,bbq,0,Empathy and Assertiveness Direction,False,bbq,0.5,<0.25,8,3,0.0,0.0,0.0,0.1572265625,0.0903076171875,0.22414550781249998,-0.017578125,0.1396484375
bbq:c0,bbq,0,Empathy and Assertiveness Direction,False,gsm_mc,0.5,<0.25,9,3,0.3333333333333333,0.0,0.841666666666659,-0.001925998263888889,-0.03275282118055556,0.03125,-0.050944010416666664,-0.05287000868055555
bbq:c0,bbq,0,Empathy and Assertiveness Direction,False,math_mc,0.5,<0.25,9,4,0.25,0.0,0.75,0.044487847222222224,-0.009271918402777775,0.08691948784722221,-0.016710069444444444,0.027777777777777776
bbq:c0,bbq,0,Empathy and Assertiveness Direction,False,mmlu,0.5,<0.25,10,6,0.0,0.0,0.0,-0.01768798828125,-0.0877252197265625,0.0368896484375,0.05638427734375,0.0386962890625
bbq:c0,bbq,0,Empathy and Assertiveness Direction,False,sgxs,0.5,<0.25,22,14,0.07142857142857142,0.0,0.21428571428571427,0.019886363636363636,-0.006427556818181816,0.04261363636363636,0.03977272727272727,0.05965909090909091
bbq:c0,bbq,0,Empathy and Assertiveness Direction,False,bbq,0.5,>=2.0,30,7,0.0,0.0,0.0,0.19248860677083332,0.10650939941406251,0.25968933105468744,-1.5321614583333334,-1.3396728515625
bbq:c0,bbq,0,Empathy and Assertiveness Direction,False,gsm_mc,0.5,>=2.0,38,33,0.0,0.0,0.0,-0.08224326685855263,-0.12217985454358553,-0.034955637078536196,2.8564645867598686,2.774221319901316
bbq:c0,bbq,0,Empathy and Assertiveness Direction,False,math_mc,0.5,>=2.0,51,46,0.0,0.0,0.0,-0.13242474724264705,-0.1672906613817402,-0.0938818838082108,3.7182377833946076,3.585813036151961
bbq:c0,bbq,0,Empathy and Assertiveness Direction,False,mmlu,0.5,>=2.0,30,24,0.0,0.0,0.0,-0.09111111958821615,-0.15621040980021159,-0.024174868265787797,2.292295201619466,2.20118408203125
bbq:c0,bbq,0,Empathy and Assertiveness Direction,False,sgxs,0.5,>=2.0,7,5,0.0,0.0,0.0,-0.044642857142857144,-0.08035714285714286,-0.008928571428571428,1.0602678571428572,1.015625
bbq:c0,bbq,0,Empathy and Assertiveness Direction,False,bbq,0.5,"[0.25,0.5)",9,4,0.0,0.0,0.0,0.10451592339409722,0.03444595336914063,0.17899441189236104,-0.07527330186631945,0.029242621527777776
bbq:c0,bbq,0,Empathy and Assertiveness Direction,False,gsm_mc,0.5,"[0.25,0.5)",9,2,0.0,0.0,0.0,0.0224609375,0.0018337673611111118,0.044270833333333336,-0.20225694444444445,-0.17979600694444445
bbq:c0,bbq,0,Empathy and Assertiveness Direction,False,math_mc,0.5,"[0.25,0.5)",4,0,0.0,,,0.0439453125,-0.04296875,0.130859375,-0.333251953125,-0.289306640625
bbq:c0,bbq,0,Empathy and Assertiveness Direction,False,mmlu,0.5,"[0.25,0.5)",22,11,0.0,0.0,0.0,-0.015247691761363636,-0.05318326083096591,0.021571488813920424,-0.002108487215909091,-0.017356178977272728
bbq:c0,bbq,0,Empathy and Assertiveness Direction,False,sgxs,0.5,"[0.25,0.5)",21,7,0.0,0.0,0.0,0.020833333333333332,-0.019345238095238096,0.05654761904761905,-0.11904761904761904,-0.09821428571428571
bbq:c0,bbq,0,Empathy and Assertiveness Direction,False,bbq,0.5,"[0.5,1.0)",27,16,0.0,0.0,0.0,0.08177919741030093,0.03718400178132234,0.12907816569010416,0.13285432038483797,0.2146335177951389
bbq:c0,bbq,0,Empathy and Assertiveness Direction,False,gsm_mc,0.5,"[0.5,1.0)",22,14,0.0,0.0,0.0,-0.031915838068181816,-0.06172651811079545,-0.0015702681107954597,0.2129794034090909,0.1810635653409091
bbq:c0,bbq,0,Empathy and Assertiveness Direction,False,math_mc,0.5,"[0.5,1.0)",15,10,0.0,0.0,0.0,-0.00313720703125,-0.046255391438802085,0.04111348470052083,0.25592041015625,0.252783203125
bbq:c0,bbq,0,Empathy and Assertiveness Direction,False,mmlu,0.5,"[0.5,1.0)",19,16,0.0,0.0,0.0,-0.005319695723684211,-0.033943336888363485,0.027218146073190785,0.5571835166529605,0.5518638209292763
bbq:c0,bbq,0,Empathy and Assertiveness Direction,False,sgxs,0.5,"[0.5,1.0)",21,10,0.0,0.0,0.0,-0.01711309523809524,-0.05172991071428571,0.019345238095238096,-0.031994047619047616,-0.049107142857142856
bbq:c0,bbq,0,Empathy and Assertiveness Direction,False,bbq,0.5,"[1.0,2.0)",26,8,0.0,0.0,0.0,0.14859713040865385,0.07299663837139422,0.21714547964242786,-0.5073336087740384,-0.35873647836538464
bbq:c0,bbq,0,Empathy and Assertiveness Direction,False,gsm_mc,0.5,"[1.0,2.0)",22,15,0.0,0.0,0.0,-0.015336470170454546,-0.04714078036221591,0.02014659534801134,0.4691716974431818,0.4538352272727273
bbq:c0,bbq,0,Empathy and Assertiveness Direction,False,math_mc,0.5,"[1.0,2.0)",21,15,0.0,0.0,0.0,-0.002445039295014881,-0.03345465887160528,0.029058365594773032,0.761199224562872,0.7587541852678571
bbq:c0,bbq,0,Empathy and Assertiveness Direction,False,mmlu,0.5,"[1.0,2.0)",19,15,0.0,0.0,0.0,-0.025250886615953948,-0.06060542056435033,0.012328137849506537,0.8549435264185855,0.8296926398026315
bbq:c0,bbq,0,Empathy and Assertiveness Direction,False,sgxs,0.5,"[1.0,2.0)",29,14,0.0,0.0,0.0,-0.0010775862068965517,-0.03178879310344827,0.029094827586206896,0.004310344827586207,0.003232758620689655
bbq:c0,bbq,0,Empathy and Assertiveness Direction,False,bbq,1.0,<0.25,8,3,0.0,0.0,0.0,0.291015625,0.155224609375,0.43657226562499996,-0.017578125,0.2734375
bbq:c0,bbq,0,Empathy and Assertiveness Direction,False,gsm_mc,1.0,<0.25,9,3,0.3333333333333333,0.0,0.841666666666659,0.025444878472222224,-0.024088541666666668,0.08529052734374998,-0.050944010416666664,-0.025499131944444444
bbq:c0,bbq,0,Empathy and Assertiveness Direction,False,math_mc,1.0,<0.25,9,4,0.25,0.0,0.75,0.059027777777777776,-0.009798177083333331,0.12739800347222222,-0.016710069444444444,0.042317708333333336
bbq:c0,bbq,0,Empathy and Assertiveness Direction,False,mmlu,1.0,<0.25,10,6,0.16666666666666666,0.0,0.5,-0.03709716796875,-0.10779022216796874,0.02784027099609375,0.05638427734375,0.019287109375
bbq:c0,bbq,0,Empathy and Assertiveness Direction,False,sgxs,1.0,<0.25,22,14,0.21428571428571427,0.0,0.42857142857142855,-0.02130681818181818,-0.05932173295454546,0.013156960227272712,0.03977272727272727,0.018465909090909092
bbq:c0,bbq,0,Empathy and Assertiveness Direction,False,bbq,1.0,>=2.0,30,7,0.0,0.0,0.0,0.39593098958333334,0.243980712890625,0.52021728515625,-1.5321614583333334,-1.13623046875
bbq:c0,bbq,0,Empathy and Assertiveness Direction,False,gsm_mc,1.0,>=2.0,38,33,0.0,0.0,0.0,-0.1572972347861842,-0.2232796116879112,-0.08490889699835538,2.8564645867598686,2.699167351973684
bbq:c0,bbq,0,Empathy and Assertiveness Direction,False,math_mc,1.0,>=2.0,51,46,0.0,0.0,0.0,-0.24189429189644607,-0.30446244782092524,-0.1747296501608456,3.7182377833946076,3.4763434914981617
bbq:c0,bbq,0,Empathy and Assertiveness Direction,False,mmlu,1.0,>=2.0,30,24,0.0,0.0,0.0,-0.1989765167236328,-0.32064346313476566,-0.07768563906351726,2.292295201619466,2.0933186848958334
bbq:c0,bbq,0,Empathy and Assertiveness Direction,False,sgxs,1.0,>=2.0,7,5,0.0,0.0,0.0,-0.10714285714285714,-0.18303571428571427,-0.04229910714285725,1.0602678571428572,0.953125
bbq:c0,bbq,0,Empathy and Assertiveness Direction,False,bbq,1.0,"[0.25,0.5)",9,4,0.0,0.0,0.0,0.20786878797743055,0.0750242445203993,0.3459852430555555,-0.07527330186631945,0.1325954861111111
bbq:c0,bbq,0,Empathy and Assertiveness Direction,False,gsm_mc,1.0,"[0.25,0.5)",9,2,0.0,0.0,0.0,0.004964192708333333,-0.048804389105902776,0.05320095486111109,-0.20225694444444445,-0.1972927517361111
bbq:c0,bbq,0,Empathy and Assertiveness Direction,False,math_mc,1.0,"[0.25,0.5)",4,0,0.0,,,0.060791015625,-0.008056640625,0.14990234375,-0.333251953125,-0.2724609375
bbq:c0,bbq,0,Empathy and Assertiveness Direction,False,mmlu,1.0,"[0.25,0.5)",22,11,0.0,0.0,0.0,0.004472212357954545,-0.042871648615056816,0.055995871803977255,-0.002108487215909091,0.0023637251420454545
bbq:c0,bbq,0,Empathy and Assertiveness Direction,False,sgxs,1.0,"[0.25,0.5)",21,7,0.0,0.0,0.0,0.010416666666666666,-0.02905505952380952,0.052083333333333336,-0.11904761904761904,-0.10863095238095238
bbq:c0,bbq,0,Empathy and Assertiveness Direction,False,bbq,1.0,"[0.5,1.0)",27,16,0.0,0.0,0.0,0.13822993525752314,0.0525432445384838,0.2200570848253038,0.13285432038483797,0.2710842556423611
bbq:c0,bbq,0,Empathy and Assertiveness Direction,False,gsm_mc,1.0,"[0.5,1.0)",22,14,0.0,0.0,0.0,-0.032182173295454544,-0.07410888671875,0.016255326704545443,0.2129794034090909,0.18079723011363635
bbq:c0,bbq,0,Empathy and Assertiveness Direction,False,math_mc,1.0,"[0.5,1.0)",15,10,0.0,0.0,0.0,-0.02164306640625,-0.06815022786458333,0.01831349690755208,0.25592041015625,0.23427734375
bbq:c0,bbq,0,Empathy and Assertiveness Direction,False,mmlu,1.0,"[0.5,1.0)",19,16,0.0,0.0,0.0,-0.030678196957236843,-0.06056406121504934,0.0012255216899670746,0.5571835166529605,0.5265053196957237
bbq:c0,bbq,0,Empathy and Assertiveness Direction,False,sgxs,1.0,"[0.5,1.0)",21,10,0.0,0.0,0.0,-0.012648809523809524,-0.05505952380952381,0.030896577380952365,-0.031994047619047616,-0.044642857142857144
bbq:c0,bbq,0,Empathy and Assertiveness Direction,False,bbq,1.0,"[1.0,2.0)",26,8,0.0,0.0,0.0,0.25296724759615385,0.11363126314603365,0.37683551494891826,-0.5073336087740384,-0.25436636117788464
bbq:c0,bbq,0,Empathy and Assertiveness Direction,False,gsm_mc,1.0,"[1.0,2.0)",22,15,0.0,0.0,0.0,-0.01055908203125,-0.05006242231889205,0.03000321821732954,0.4691716974431818,0.4586126154119318
bbq:c0,bbq,0,Empathy and Assertiveness Direction,False,math_mc,1.0,"[1.0,2.0)",21,15,0.0,0.0,0.0,-0.032939365931919644,-0.0830846695672898,0.013717542375837045,0.761199224562872,0.7282598586309523
bbq:c0,bbq,0,Empathy and Assertiveness Direction,False,mmlu,1.0,"[1.0,2.0)",19,15,0.0,0.0,0.0,-0.07522904245476973,-0.13662290071186267,-0.0023152401572780184,0.8549435264185855,0.7797144839638158
bbq:c0,bbq,0,Empathy and Assertiveness Direction,False,sgxs,1.0,"[1.0,2.0)",29,14,0.0,0.0,0.0,-0.005387931034482759,-0.04310344827586207,0.033688038793103434,0.004310344827586207,-0.0010775862068965517
gsm_mc:c0,gsm_mc,0,Reward Model Efficacy,False,bbq,0.1,<0.25,8,3,0.0,0.0,0.0,0.025390625,-0.001953125,0.0546875,-0.017578125,0.0078125
gsm_mc:c0,gsm_mc,0,Reward Model Efficacy,False,gsm_mc,0.1,<0.25,9,3,0.3333333333333333,0.0,0.841666666666659,-0.016299777560763888,-0.044967736138237846,0.018497297498914923,-0.050944010416666664,-0.06724378797743055
gsm_mc:c0,gsm_mc,0,Reward Model Efficacy,False,math_mc,0.1,<0.25,9,4,0.0,0.0,0.0,0.014105902777777778,-0.019862196180555555,0.04222547743055554,-0.016710069444444444,-0.0026041666666666665
gsm_mc:c0,gsm_mc,0,Reward Model Efficacy,False,mmlu,0.1,<0.25,10,6,0.0,0.0,0.0,0.00328369140625,-0.03833740234375,0.046494140624999986,0.05638427734375,0.05966796875
gsm_mc:c0,gsm_mc,0,Reward Model Efficacy,False,sgxs,0.1,<0.25,22,14,0.07142857142857142,0.0,0.21428571428571427,-0.0014204545454545455,-0.02130681818181818,0.01779119318181815,0.03977272727272727,0.03835227272727273
gsm_mc:c0,gsm_mc,0,Reward Model Efficacy,False,bbq,0.1,>=2.0,30,7,0.0,0.0,0.0,0.000799560546875,-0.02105433146158854,0.02213638305664062,-1.5321614583333334,-1.5313618977864583
gsm_mc:c0,gsm_mc,0,Reward Model Efficacy,False,gsm_mc,0.1,>=2.0,38,33,0.0,0.0,0.0,0.026450709292763157,0.004585185803865133,0.04839798776726974,2.8564645867598686,2.8829152960526314
gsm_mc:c0,gsm_mc,0,Reward Model Efficacy,False,math_mc,0.1,>=2.0,51,46,0.0,0.0,0.0,0.022997089460784315,0.0037482766544117653,0.04310470281862743,3.7182377833946076,3.7412348728553924
gsm_mc:c0,gsm_mc,0,Reward Model Efficacy,False,mmlu,0.1,>=2.0,30,24,0.0,0.0,0.0,0.02390912373860677,0.0009144115447998048,0.04658257484436034,2.292295201619466,2.316204325358073
gsm_mc:c0,gsm_mc,0,Reward Model Efficacy,False,sgxs,0.1,>=2.0,7,5,0.0,0.0,0.0,-0.006696428571428571,-0.06696428571428571,0.03688616071428566,1.0602678571428572,1.0535714285714286
gsm_mc:c0,gsm_mc,0,Reward Model Efficacy,False,bbq,0.1,"[0.25,0.5)",9,4,0.0,0.0,0.0,0.006181504991319444,-0.025573221842447914,0.03442518446180556,-0.07527330186631945,-0.069091796875
gsm_mc:c0,gsm_mc,0,Reward Model Efficacy,False,gsm_mc,0.1,"[0.25,0.5)",9,2,0.0,0.0,0.0,0.011284722222222222,-0.021267361111111112,0.050575086805555544,-0.20225694444444445,-0.1909722222222222
gsm_mc:c0,gsm_mc,0,Reward Model Efficacy,False,math_mc,0.1,"[0.25,0.5)",4,0,0.0,,,-0.029541015625,-0.090576171875,0.04638671875,-0.333251953125,-0.36279296875
gsm_mc:c0,gsm_mc,0,Reward Model Efficacy,False,mmlu,0.1,"[0.25,0.5)",22,11,0.0,0.0,0.0,-0.006136807528409091,-0.033173717151988635,0.023209727894176125,-0.002108487215909091,-0.008245294744318182
gsm_mc:c0,gsm_mc,0,Reward Model Efficacy,False,sgxs,0.1,"[0.25,0.5)",21,7,0.0,0.0,0.0,0.028273809523809524,0.0007068452380952401,0.05357142857142857,-0.11904761904761904,-0.09077380952380952
gsm_mc:c0,gsm_mc,0,Reward Model Efficacy,False,bbq,0.1,"[0.5,1.0)",27,16,0.0,0.0,0.0,0.023223876953125,0.002170619258174191,0.04450525354456017,0.13285432038483797,0.15607819733796297
gsm_mc:c0,gsm_mc,0,Reward Model Efficacy,False,gsm_mc,0.1,"[0.5,1.0)",22,14,0.0,0.0,0.0,-0.011585582386363636,-0.043220658735795454,0.024128861860795454,0.2129794034090909,0.20139382102272727
gsm_mc:c0,gsm_mc,0,Reward Model Efficacy,False,math_mc,0.1,"[0.5,1.0)",15,10,0.0,0.0,0.0,0.01634521484375,-0.015989481608072918,0.04951192220052083,0.25592041015625,0.272265625
gsm_mc:c0,gsm_mc,0,Reward Model Efficacy,False,mmlu,0.1,"[0.5,1.0)",19,16,0.0,0.0,0.0,0.027173494037828948,0.006519116853412829,0.05339339406866775,0.5571835166529605,0.5843570106907895
gsm_mc:c0,gsm_mc,0,Reward Model Efficacy,False,sgxs,0.1,"[0.5,1.0)",21,10,0.0,0.0,0.0,-0.014136904761904762,-0.03422619047619048,0.004464285714285714,-0.031994047619047616,-0.046130952380952384
gsm_mc:c0,gsm_mc,0,Reward Model Efficacy,False,bbq,0.1,"[1.0,2.0)",26,8,0.0,0.0,0.0,0.01869788536658654,-0.004672006460336538,0.04003988412710335,-0.5073336087740384,-0.4886357234074519
gsm_mc:c0,gsm_mc,0,Reward Model Efficacy,False,gsm_mc,0.1,"[1.0,2.0)",22,15,0.0,0.0,0.0,-0.008650346235795454,-0.03400989879261364,0.02088706276633521,0.4691716974431818,0.46052135120738635
gsm_mc:c0,gsm_mc,0,Reward Model Efficacy,False,math_mc,0.1,"[1.0,2.0)",21,15,0.0,0.0,0.0,0.009110950288318452,-0.01484271458217076,0.028565906343005952,0.761199224562872,0.7703101748511905
gsm_mc:c0,gsm_mc,0,Reward Model Efficacy,False,mmlu,0.1,"[1.0,2.0)",19,15,0.0,0.0,0.0,0.04459903114720395,0.01939954255756579,0.07000925164473684,0.8549435264185855,0.8995425575657895
gsm_mc:c0,gsm_mc,0,Reward Model Efficacy,False,sgxs,0.1,"[1.0,2.0)",29,14,0.0,0.0,0.0,-0.008620689655172414,-0.02586206896551724,0.008364762931034471,0.004310344827586207,-0.004310344827586207
gsm_mc:c0,gsm_mc,0,Reward Model Efficacy,False,bbq,0.3,<0.25,8,3,0.0,0.0,0.0,0.00390625,-0.034228515625,0.036181640624999956,-0.017578125,-0.013671875
gsm_mc:c0,gsm_mc,0,Reward Model Efficacy,False,gsm_mc,0.3,<0.25,9,3,0.3333333333333333,0.0,0.841666666666659,-0.033203125,-0.07574869791666666,0.01576063368055553,-0.050944010416666664,-0.08414713541666667
gsm_mc:c0,gsm_mc,0,Reward Model Efficacy,False,math_mc,0.3,<0.25,9,4,0.25,0.0,0.75,-0.006727430555555556,-0.041140407986111106,0.02728407118055551,-0.016710069444444444,-0.0234375
gsm_mc:c0,gsm_mc,0,Reward Model Efficacy,False,mmlu,0.3,<0.25,10,6,0.16666666666666666,0.0,0.5,-0.01561279296875,-0.053043212890625,0.024446105957031228,0.05638427734375,0.040771484375
gsm_mc:c0,gsm_mc,0,Reward Model Efficacy,False,sgxs,0.3,<0.25,22,14,0.21428571428571427,0.07142857142857142,0.42857142857142855,-0.007102272727272727,-0.033416193181818175,0.017045454545454544,0.03977272727272727,0.032670454545454544
gsm_mc:c0,gsm_mc,0,Reward Model Efficacy,False,bbq,0.3,>=2.0,30,7,0.0,0.0,0.0,-0.00419921875,-0.033778483072916664,0.026139729817708325,-1.5321614583333334,-1.5363606770833333
gsm_mc:c0,gsm_mc,0,Reward Model Efficacy,False,gsm_mc,0.3,>=2.0,38,33,0.0,0.0,0.0,0.07757247121710527,0.03743221885279606,0.11012605365953947,2.8564645867598686,2.934037057976974
gsm_mc:c0,gsm_mc,0,Reward Model Efficacy,False,math_mc,0.3,>=2.0,51,46,0.0,0.0,0.0,0.10521503523284313,0.07315865310968137,0.140621888403799,3.7182377833946076,3.823452818627451
gsm_mc:c0,gsm_mc,0,Reward Model Efficacy,False,mmlu,0.3,>=2.0,30,24,0.0,0.0,0.0,0.06495984395345052,0.023721949259440104,0.10172018369038897,2.292295201619466,2.357255045572917
gsm_mc:c0,gsm_mc,0,Reward Model Efficacy,False,sgxs,0.3,>=2.0,7,5,0.0,0.0,0.0,-0.03125,-0.07589285714285714,0.013392857142857142,1.0602678571428572,1.0290178571428572
gsm_mc:c0,gsm_mc,0,Reward Model Efficacy,False,bbq,0.3,"[0.25,0.5)",9,4,0.0,0.0,0.0,0.037407769097222224,0.006097073025173613,0.07011489868164061,-0.07527330186631945,-0.037865532769097224
gsm_mc:c0,gsm_mc,0,Reward Model Efficacy,False,gsm_mc,0.3,"[0.25,0.5)",9,2,0.0,0.0,0.0,0.011935763888888888,-0.028108723958333335,0.057405598958333325,-0.20225694444444445,-0.19032118055555555
gsm_mc:c0,gsm_mc,0,Reward Model Efficacy,False,math_mc,0.3,"[0.25,0.5)",4,0,0.0,,,-0.0091552734375,-0.0859375,0.067626953125,-0.333251953125,-0.3424072265625
gsm_mc:c0,gsm_mc,0,Reward Model Efficacy,False,mmlu,0.3,"[0.25,0.5)",22,11,0.0,0.0,0.0,-0.007435191761363636,-0.03872902610085227,0.022602428089488598,-0.002108487215909091,-0.009543678977272728
gsm_mc:c0,gsm_mc,0,Reward Model Efficacy,False,sgxs,0.3,"[0.25,0.5)",21,7,0.0,0.0,0.0,0.005952380952380952,-0.025297619047619048,0.03720238095238095,-0.11904761904761904,-0.1130952380952381
gsm_mc:c0,gsm_mc,0,Reward Model Efficacy,False,bbq,0.3,"[0.5,1.0)",27,16,0.0,0.0,0.0,0.020009358723958332,-0.0016046029550057868,0.03981357150607638,0.13285432038483797,0.1528636791087963
gsm_mc:c0,gsm_mc,0,Reward Model Efficacy,False,gsm_mc,0.3,"[0.5,1.0)",22,14,0.0,0.0,0.0,-0.010919744318181818,-0.05021528764204545,0.02948774857954544,0.2129794034090909,0.2020596590909091
gsm_mc:c0,gsm_mc,0,Reward Model Efficacy,False,math_mc,0.3,"[0.5,1.0)",15,10,0.0,0.0,0.0,0.011299641927083333,-0.01883758544921875,0.04030517578125,0.25592041015625,0.2672200520833333
gsm_mc:c0,gsm_mc,0,Reward Model Efficacy,False,mmlu,0.3,"[0.5,1.0)",19,16,0.0,0.0,0.0,0.019936009457236843,-0.009363917300575656,0.049344112998560855,0.5571835166529605,0.5771195261101973
gsm_mc:c0,gsm_mc,0,Reward Model Efficacy,False,sgxs,0.3,"[0.5,1.0)",21,10,0.0,0.0,0.0,-0.008928571428571428,-0.03649553571428571,0.01636904761904762,-0.031994047619047616,-0.04092261904761905
gsm_mc:c0,gsm_mc,0,Reward Model Efficacy,False,bbq,0.3,"[1.0,2.0)",26,8,0.0,0.0,0.0,0.019746780395507812,-0.0069002554966853214,0.04797272682189941,-0.5073336087740384,-0.4875868283785306
gsm_mc:c0,gsm_mc,0,Reward Model Efficacy,False,gsm_mc,0.3,"[1.0,2.0)",22,15,0.0,0.0,0.0,0.015070134943181818,-0.017045454545454544,0.055523126775568164,0.4691716974431818,0.48424183238636365
gsm_mc:c0,gsm_mc,0,Reward Model Efficacy,False,math_mc,0.3,"[1.0,2.0)",21,15,0.0,0.0,0.0,0.02539861769903274,-0.01587611607142857,0.06467459542410713,0.761199224562872,0.7865978422619048
gsm_mc:c0,gsm_mc,0,Reward Model Efficacy,False,mmlu,0.3,"[1.0,2.0)",19,15,0.0,0.0,0.0,0.03202578895970395,-0.0054533305921052625,0.06826830412212168,0.8549435264185855,0.8869693153782895
gsm_mc:c0,gsm_mc,0,Reward Model Efficacy,False,sgxs,0.3,"[1.0,2.0)",29,14,0.0,0.0,0.0,-0.013469827586206896,-0.0369207974137931,0.010802801724137907,0.004310344827586207,-0.009159482758620689
gsm_mc:c0,gsm_mc,0,Reward Model Efficacy,False,bbq,0.5,<0.25,8,3,0.0,0.0,0.0,0.041015625,-0.021484375,0.099609375,-0.017578125,0.0234375
gsm_mc:c0,gsm_mc,0,Reward Model Efficacy,False,gsm_mc,0.5,<0.25,9,3,0.3333333333333333,0.0,0.841666666666659,-0.03293185763888889,-0.06527235243055556,0.0045830620659721745,-0.050944010416666664,-0.08387586805555555
gsm_mc:c0,gsm_mc,0,Reward Model Efficacy,False,math_mc,0.5,<0.25,9,4,0.0,0.0,0.0,0.037109375,0.0011773003472222232,0.07195638020833332,-0.016710069444444444,0.020399305555555556
gsm_mc:c0,gsm_mc,0,Reward Model Efficacy,False,mmlu,0.5,<0.25,10,6,0.0,0.0,0.0,0.013104248046875,-0.034367370605468746,0.0583387756347656,0.05638427734375,0.069488525390625
gsm_mc:c0,gsm_mc,0,Reward Model Efficacy,False,sgxs,0.5,<0.25,22,14,0.21428571428571427,0.07142857142857142,0.42857142857142855,-0.002840909090909091,-0.03409090909090909,0.02556818181818182,0.03977272727272727,0.036931818181818184
gsm_mc:c0,gsm_mc,0,Reward Model Efficacy,False,bbq,0.5,>=2.0,30,7,0.0,0.0,0.0,-0.015673828125,-0.056361083984375004,0.02758382161458331,-1.5321614583333334,-1.5478352864583333
gsm_mc:c0,gsm_mc,0,Reward Model Efficacy,False,gsm_mc,0.5,>=2.0,38,33,0.0,0.0,0.0,0.1360570004111842,0.0768646240234375,0.18086306923314144,2.8564645867598686,2.9925215871710527
gsm_mc:c0,gsm_mc,0,Reward Model Efficacy,False,math_mc,0.5,>=2.0,51,46,0.0,0.0,0.0,0.15771484375,0.11340367934283088,0.2058837890625,3.7182377833946076,3.8759526271446076
gsm_mc:c0,gsm_mc,0,Reward Model Efficacy,False,mmlu,0.5,>=2.0,30,24,0.0,0.0,0.0,0.12217419942220052,0.06318929036458333,0.18101608594258625,2.292295201619466,2.4144694010416665
gsm_mc:c0,gsm_mc,0,Reward Model Efficacy,False,sgxs,0.5,>=2.0,7,5,0.0,0.0,0.0,-0.020089285714285716,-0.0625,0.033482142857142856,1.0602678571428572,1.0401785714285714
gsm_mc:c0,gsm_mc,0,Reward Model Efficacy,False,bbq,0.5,"[0.25,0.5)",9,4,0.0,0.0,0.0,0.03930324978298611,0.01331609090169271,0.06918674045138888,-0.07527330186631945,-0.035970052083333336
gsm_mc:c0,gsm_mc,0,Reward Model Efficacy,False,gsm_mc,0.5,"[0.25,0.5)",9,2,0.0,0.0,0.0,-0.021918402777777776,-0.06901041666666667,0.036458333333333336,-0.20225694444444445,-0.2241753472222222
gsm_mc:c0,gsm_mc,0,Reward Model Efficacy,False,math_mc,0.5,"[0.25,0.5)",4,0,0.0,,,-0.00634765625,-0.03515625,0.0224609375,-0.333251953125,-0.339599609375
gsm_mc:c0,gsm_mc,0,Reward Model Efficacy,False,mmlu,0.5,"[0.25,0.5)",22,11,0.0,0.0,0.0,-0.028733686967329544,-0.057328657670454544,0.004443359374999973,-0.002108487215909091,-0.030842174183238636
gsm_mc:c0,gsm_mc,0,Reward Model Efficacy,False,sgxs,0.5,"[0.25,0.5)",21,7,0.0,0.0,0.0,0.013392857142857142,-0.012686011904761901,0.042447916666666634,-0.11904761904761904,-0.1056547619047619
gsm_mc:c0,gsm_mc,0,Reward Model Efficacy,False,bbq,0.5,"[0.5,1.0)",27,16,0.0,0.0,0.0,0.04009670681423611,0.013676283094618057,0.06586363050672743,0.13285432038483797,0.17295102719907407
gsm_mc:c0,gsm_mc,0,Reward Model Efficacy,False,gsm_mc,0.5,"[0.5,1.0)",22,14,0.0,0.0,0.0,-0.004549893465909091,-0.05335526899857954,0.03722145774147723,0.2129794034090909,0.20842950994318182
gsm_mc:c0,gsm_mc,0,Reward Model Efficacy,False,math_mc,0.5,"[0.5,1.0)",15,10,0.0,0.0,0.0,0.003291829427083333,-0.050489095052083335,0.05767740885416666,0.25592041015625,0.25921223958333334
gsm_mc:c0,gsm_mc,0,Reward Model Efficacy,False,mmlu,0.5,"[0.5,1.0)",19,16,0.0,0.0,0.0,0.02400609066611842,-0.006063923082853618,0.05964154695209702,0.5571835166529605,0.581189607319079
gsm_mc:c0,gsm_mc,0,Reward Model Efficacy,False,sgxs,0.5,"[0.5,1.0)",21,10,0.0,0.0,0.0,0.004464285714285714,-0.03203125,0.040959821428571394,-0.031994047619047616,-0.027529761904761904
gsm_mc:c0,gsm_mc,0,Reward Model Efficacy,False,bbq,0.5,"[1.0,2.0)",26,8,0.0,0.0,0.0,0.04782808743990385,0.006117365910456732,0.08951275165264422,-0.5073336087740384,-0.45950552133413464
gsm_mc:c0,gsm_mc,0,Reward Model Efficacy,False,gsm_mc,0.5,"[1.0,2.0)",22,15,0.0,0.0,0.0,-0.007346413352272727,-0.04949729225852273,0.04141734730113636,0.4691716974431818,0.4618252840909091
gsm_mc:c0,gsm_mc,0,Reward Model Efficacy,False,math_mc,0.5,"[1.0,2.0)",21,15,0.0,0.0,0.0,-0.003130958193824405,-0.05757153828938802,0.04715681530180428,0.761199224562872,0.7580682663690477
gsm_mc:c0,gsm_mc,0,Reward Model Efficacy,False,mmlu,0.5,"[1.0,2.0)",19,15,0.0,0.0,0.0,0.07304783871299342,0.03230956228155839,0.11058947914525082,0.8549435264185855,0.927991365131579
gsm_mc:c0,gsm_mc,0,Reward Model Efficacy,False,sgxs,0.5,"[1.0,2.0)",29,14,0.0,0.0,0.0,-0.023706896551724137,-0.05362338362068965,0.007004310344827586,0.004310344827586207,-0.01939655172413793
gsm_mc:c0,gsm_mc,0,Reward Model Efficacy,False,bbq,1.0,<0.25,8,3,0.0,0.0,0.0,0.0703125,0.017578125,0.119140625,-0.017578125,0.052734375
gsm_mc:c0,gsm_mc,0,Reward Model Efficacy,False,gsm_mc,1.0,<0.25,9,3,0.3333333333333333,0.0,0.841666666666659,-0.023274739583333332,-0.048929850260416664,0.005622016059027772,-0.050944010416666664,-0.07421875
gsm_mc:c0,gsm_mc,0,Reward Model Efficacy,False,math_mc,1.0,<0.25,9,4,0.25,0.0,0.75,0.024522569444444444,-0.05381944444444445,0.08682725694444442,-0.016710069444444444,0.0078125
gsm_mc:c0,gsm_mc,0,Reward Model Efficacy,False,mmlu,1.0,<0.25,10,6,0.0,0.0,0.0,0.01368408203125,-0.04714691162109375,0.07149780273437498,0.05638427734375,0.070068359375
gsm_mc:c0,gsm_mc,0,Reward Model Efficacy,False,sgxs,1.0,<0.25,22,14,0.07142857142857142,0.0,0.21428571428571427,0.01278409090909091,-0.027734375,0.05756392045454542,0.03977272727272727,0.052556818181818184
gsm_mc:c0,gsm_mc,0,Reward Model Efficacy,False,bbq,1.0,>=2.0,30,7,0.0,0.0,0.0,-0.020442708333333334,-0.09101277669270832,0.056603597005208325,-1.5321614583333334,-1.5526041666666666
gsm_mc:c0,gsm_mc,0,Reward Model Efficacy,False,gsm_mc,1.0,>=2.0,38,33,0.0,0.0,0.0,0.23299367804276316,0.11966697291324013,0.3171539306640625,2.8564645867598686,3.0894582648026314
gsm_mc:c0,gsm_mc,0,Reward Model Efficacy,False,math_mc,1.0,>=2.0,51,46,0.0,0.0,0.0,0.3001302083333333,0.2192355286841299,0.3900063907398897,3.7182377833946076,4.018367991727941
gsm_mc:c0,gsm_mc,0,Reward Model Efficacy,False,mmlu,1.0,>=2.0,30,24,0.0,0.0,0.0,0.23875948588053386,0.1295894527435303,0.3428884061177571,2.292295201619466,2.5310546875
gsm_mc:c0,gsm_mc,0,Reward Model Efficacy,False,sgxs,1.0,>=2.0,7,5,0.0,0.0,0.0,0.011160714285714286,-0.046986607142857136,0.09151785714285714,1.0602678571428572,1.0714285714285714
gsm_mc:c0,gsm_mc,0,Reward Model Efficacy,False,bbq,1.0,"[0.25,0.5)",9,4,0.0,0.0,0.0,0.05780368381076389,-0.007776980929904514,0.13725068834092882,-0.07527330186631945,-0.017469618055555556
gsm_mc:c0,gsm_mc,0,Reward Model Efficacy,False,gsm_mc,1.0,"[0.25,0.5)",9,2,0.0,0.0,0.0,-0.06499565972222222,-0.16319444444444445,0.024693467881944434,-0.20225694444444445,-0.2672526041666667
gsm_mc:c0,gsm_mc,0,Reward Model Efficacy,False,math_mc,1.0,"[0.25,0.5)",4,0,0.0,,,-0.048095703125,-0.116473388671875,0.02294921875,-0.333251953125,-0.38134765625
gsm_mc:c0,gsm_mc,0,Reward Model Efficacy,False,mmlu,1.0,"[0.25,0.5)",22,11,0.0,0.0,0.0,-0.01278409090909091,-0.04874600497159091,0.024075594815340894,-0.002108487215909091,-0.014892578125
gsm_mc:c0,gsm_mc,0,Reward Model Efficacy,False,sgxs,1.0,"[0.25,0.5)",21,7,0.0,0.0,0.0,-0.010416666666666666,-0.043154761904761904,0.02756696428571425,-0.11904761904761904,-0.12946428571428573
gsm_mc:c0,gsm_mc,0,Reward Model Efficacy,False,bbq,1.0,"[0.5,1.0)",27,16,0.0,0.0,0.0,0.0688442654079861,0.030345323350694446,0.10338558620876735,0.13285432038483797,0.20169858579282407
gsm_mc:c0,gsm_mc,0,Reward Model Efficacy,False,gsm_mc,1.0,"[0.5,1.0)",22,14,0.0,0.0,0.0,0.007102272727272727,-0.06861017400568181,0.08352938565340906,0.2129794034090909,0.22008167613636365
gsm_mc:c0,gsm_mc,0,Reward Model Efficacy,False,math_mc,1.0,"[0.5,1.0)",15,10,0.0,0.0,0.0,0.0009480794270833333,-0.08511505126953124,0.09367746988932285,0.25592041015625,0.25686848958333336
gsm_mc:c0,gsm_mc,0,Reward Model Efficacy,False,mmlu,1.0,"[0.5,1.0)",19,16,0.0,0.0,0.0,0.05363062808388158,0.010884736713610198,0.10270337556537829,0.5571835166529605,0.6108141447368421
gsm_mc:c0,gsm_mc,0,Reward Model Efficacy,False,sgxs,1.0,"[0.5,1.0)",21,10,0.0,0.0,0.0,0.021577380952380952,-0.02979910714285714,0.0744047619047619,-0.031994047619047616,-0.010416666666666666
gsm_mc:c0,gsm_mc,0,Reward Model Efficacy,False,bbq,1.0,"[1.0,2.0)",26,8,0.0,0.0,0.0,0.06881948617788461,-0.008808312049278845,0.1399336594801682,-0.5073336087740384,-0.43851412259615385
gsm_mc:c0,gsm_mc,0,Reward Model Efficacy,False,gsm_mc,1.0,"[1.0,2.0)",22,15,0.0,0.0,0.0,0.028031782670454544,-0.05321433327414773,0.11228360262784091,0.4691716974431818,0.49720348011363635
gsm_mc:c0,gsm_mc,0,Reward Model Efficacy,False,math_mc,1.0,"[1.0,2.0)",21,15,0.0,0.0,0.0,0.012296404157366072,-0.07327237810407367,0.08813565572102863,0.761199224562872,0.7734956287202381
gsm_mc:c0,gsm_mc,0,Reward Model Efficacy,False,mmlu,1.0,"[1.0,2.0)",19,15,0.0,0.0,0.0,0.10689343904194079,0.03679950111790707,0.16836411325555098,0.8549435264185855,0.9618369654605263
gsm_mc:c0,gsm_mc,0,Reward Model Efficacy,False,sgxs,1.0,"[1.0,2.0)",29,14,0.0,0.0,0.0,-0.0021551724137931034,-0.04985183189655172,0.04256465517241379,0.004310344827586207,0.0021551724137931034
math_mc:c0,math_mc,0,Mathematical Problem Solving Quality,False,bbq,0.1,<0.25,8,3,0.0,0.0,0.0,-0.013671875,-0.051806640625,0.024462890624999956,-0.017578125,-0.03125
math_mc:c0,math_mc,0,Mathematical Problem Solving Quality,False,gsm_mc,0.1,<0.25,9,3,0.0,0.0,0.0,-0.008694118923611112,-0.04463907877604167,0.026909722222222224,-0.050944010416666664,-0.059638129340277776
math_mc:c0,math_mc,0,Mathematical Problem Solving Quality,False,math_mc,0.1,<0.25,9,4,0.0,0.0,0.0,0.019748263888888888,-0.035975477430555555,0.06901041666666667,-0.016710069444444444,0.0030381944444444445
math_mc:c0,math_mc,0,Mathematical Problem Solving Quality,False,mmlu,0.1,<0.25,10,6,0.0,0.0,0.0,-0.02215576171875,-0.07612213134765625,0.02471099853515623,0.05638427734375,0.034228515625
math_mc:c0,math_mc,0,Mathematical Problem Solving Quality,False,sgxs,0.1,<0.25,22,14,0.07142857142857142,0.0,0.21428571428571427,0.004971590909090909,-0.014204545454545454,0.024857954545454544,0.03977272727272727,0.044744318181818184
math_mc:c0,math_mc,0,Mathematical Problem Solving Quality,False,bbq,0.1,>=2.0,30,7,0.0,0.0,0.0,0.009822591145833334,-0.014383341471354167,0.03421468098958332,-1.5321614583333334,-1.5223388671875
math_mc:c0,math_mc,0,Mathematical Problem Solving Quality,False,gsm_mc,0.1,>=2.0,38,33,0.0,0.0,0.0,-0.04015792043585526,-0.062204059801603616,-0.014163850483141465,2.8564645867598686,2.8163066663240133
math_mc:c0,math_mc,0,Mathematical Problem Solving Quality,False,math_mc,0.1,>=2.0,51,46,0.0,0.0,0.0,-0.04270785462622549,-0.06285274730009191,-0.01960927925857844,3.7182377833946076,3.6755299287683822
math_mc:c0,math_mc,0,Mathematical Problem Solving Quality,False,mmlu,0.1,>=2.0,30,24,0.0,0.0,0.0,-0.02077827453613281,-0.0478466796875,0.004683462778727209,2.292295201619466,2.2715169270833333
math_mc:c0,math_mc,0,Mathematical Problem Solving Quality,False,sgxs,0.1,>=2.0,7,5,0.0,0.0,0.0,-0.011160714285714286,-0.06696428571428571,0.04804687499999995,1.0602678571428572,1.0491071428571428
math_mc:c0,math_mc,0,Mathematical Problem Solving Quality,False,bbq,0.1,"[0.25,0.5)",9,4,0.0,0.0,0.0,0.004581027560763889,-0.036458333333333336,0.04501859876844615,-0.07527330186631945,-0.07069227430555555
math_mc:c0,math_mc,0,Mathematical Problem Solving Quality,False,gsm_mc,0.1,"[0.25,0.5)",9,2,0.0,0.0,0.0,0.008029513888888888,-0.041172960069444445,0.05642361111111111,-0.20225694444444445,-0.19422743055555555
math_mc:c0,math_mc,0,Mathematical Problem Solving Quality,False,math_mc,0.1,"[0.25,0.5)",4,0,0.0,,,0.029876708984375,-0.047576904296875,0.0986328125,-0.333251953125,-0.303375244140625
math_mc:c0,math_mc,0,Mathematical Problem Solving Quality,False,mmlu,0.1,"[0.25,0.5)",22,11,0.0,0.0,0.0,-0.018110795454545456,-0.043613503196022724,0.006282182173295453,-0.002108487215909091,-0.020219282670454544
math_mc:c0,math_mc,0,Mathematical Problem Solving Quality,False,sgxs,0.1,"[0.25,0.5)",21,7,0.0,0.0,0.0,0.01488095238095238,-0.010416666666666666,0.04017857142857143,-0.11904761904761904,-0.10416666666666667
math_mc:c0,math_mc,0,Mathematical Problem Solving Quality,False,bbq,0.1,"[0.5,1.0)",27,16,0.0,0.0,0.0,-0.005789933381257234,-0.03198747988100405,0.019079222502531808,0.13285432038483797,0.12706438700358072
math_mc:c0,math_mc,0,Mathematical Problem Solving Quality,False,gsm_mc,0.1,"[0.5,1.0)",22,14,0.0,0.0,0.0,-0.016867897727272728,-0.04324396306818182,0.009017666903409084,0.2129794034090909,0.19611150568181818
math_mc:c0,math_mc,0,Mathematical Problem Solving Quality,False,math_mc,0.1,"[0.5,1.0)",15,10,0.0,0.0,0.0,0.015770467122395833,-0.014497044881184893,0.047626393636067695,0.25592041015625,0.2716908772786458
math_mc:c0,math_mc,0,Mathematical Problem Solving Quality,False,mmlu,0.1,"[0.5,1.0)",19,16,0.0,0.0,0.0,0.008143374794407895,-0.01481267025596217,0.0323234959652549,0.5571835166529605,0.5653268914473685
math_mc:c0,math_mc,0,Mathematical Problem Solving Quality,False,sgxs,0.1,"[0.5,1.0)",21,10,0.0,0.0,0.0,0.000744047619047619,-0.027529761904761904,0.026041666666666668,-0.031994047619047616,-0.03125
math_mc:c0,math_mc,0,Mathematical Problem Solving Quality,False,bbq,0.1,"[1.0,2.0)",26,8,0.0,0.0,0.0,0.03440504807692308,0.018387545072115385,0.05151648888221154,-0.5073336087740384,-0.47292856069711536
math_mc:c0,math_mc,0,Mathematical Problem Solving Quality,False,gsm_mc,0.1,"[1.0,2.0)",22,15,0.0,0.0,0.0,-0.0017644708806818182,-0.024452348188920454,0.023004427823153404,0.4691716974431818,0.4674072265625
math_mc:c0,math_mc,0,Mathematical Problem Solving Quality,False,math_mc,0.1,"[1.0,2.0)",21,15,0.0,0.0,0.0,0.0014844621930803572,-0.020077805292038692,0.021295147850399914,0.761199224562872,0.7626836867559523
math_mc:c0,math_mc,0,Mathematical Problem Solving Quality,False,mmlu,0.1,"[1.0,2.0)",19,15,0.0,0.0,0.0,0.0029694406609786185,-0.02047062924033717,0.025250485068873334,0.8549435264185855,0.8579129670795641
math_mc:c0,math_mc,0,Mathematical Problem Solving Quality,False,sgxs,0.1,"[1.0,2.0)",29,14,0.0,0.0,0.0,0.007004310344827586,-0.01939655172413793,0.03178879310344827,0.004310344827586207,0.011314655172413793
math_mc:c0,math_mc,0,Mathematical Problem Solving Quality,False,bbq,0.3,<0.25,8,3,0.3333333333333333,0.0,1.0,-0.0087890625,-0.064453125,0.046875,-0.017578125,-0.0263671875
math_mc:c0,math_mc,0,Mathematical Problem Solving Quality,False,gsm_mc,0.3,<0.25,9,3,0.3333333333333333,0.0,0.841666666666659,-0.013627794053819444,-0.05669275919596354,0.038742404513888884,-0.050944010416666664,-0.0645718044704861
math_mc:c0,math_mc,0,Mathematical Problem Solving Quality,False,math_mc,0.3,<0.25,9,4,0.0,0.0,0.0,0.012261284722222222,-0.040261501736111115,0.06356065538194441,-0.016710069444444444,-0.004448784722222222
math_mc:c0,math_mc,0,Mathematical Problem Solving Quality,False,mmlu,0.3,<0.25,10,6,0.16666666666666666,0.0,0.5,-0.0098876953125,-0.0616619873046875,0.04023468017578123,0.05638427734375,0.04649658203125
math_mc:c0,math_mc,0,Mathematical Problem Solving Quality,False,sgxs,0.3,<0.25,22,14,0.14285714285714285,0.0,0.35714285714285715,0.022017045454545456,-0.007102272727272727,0.05008877840909089,0.03977272727272727,0.06178977272727273
math_mc:c0,math_mc,0,Mathematical Problem Solving Quality,False,bbq,0.3,>=2.0,30,7,0.0,0.0,0.0,-0.0015787760416666667,-0.03198974609375,0.025428873697916632,-1.5321614583333334,-1.533740234375
math_mc:c0,math_mc,0,Mathematical Problem Solving Quality,False,gsm_mc,0.3,>=2.0,38,33,0.0,0.0,0.0,-0.08828895970394737,-0.11852898848684211,-0.048294228001644755,2.8564645867598686,2.7681756270559212
math_mc:c0,math_mc,0,Mathematical Problem Solving Quality,False,math_mc,0.3,>=2.0,51,46,0.0,0.0,0.0,-0.11637317433076746,-0.1500488094255036,-0.0811991186702953,3.7182377833946076,3.60186460906384
math_mc:c0,math_mc,0,Mathematical Problem Solving Quality,False,mmlu,0.3,>=2.0,30,24,0.0,0.0,0.0,-0.06327501932779948,-0.11317061424255372,-0.01327422142028809,2.292295201619466,2.229020182291667
math_mc:c0,math_mc,0,Mathematical Problem Solving Quality,False,sgxs,0.3,>=2.0,7,5,0.0,0.0,0.0,-0.06696428571428571,-0.15178571428571427,0.017857142857142856,1.0602678571428572,0.9933035714285714
math_mc:c0,math_mc,0,Mathematical Problem Solving Quality,False,bbq,0.3,"[0.25,0.5)",9,4,0.0,0.0,0.0,0.018795437282986112,-0.01938722398546007,0.05733167860243054,-0.07527330186631945,-0.056477864583333336
math_mc:c0,math_mc,0,Mathematical Problem Solving Quality,False,gsm_mc,0.3,"[0.25,0.5)",9,2,0.0,0.0,0.0,0.03738064236111111,0.004014756944444444,0.07465277777777778,-0.20225694444444445,-0.16487630208333334
math_mc:c0,math_mc,0,Mathematical Problem Solving Quality,False,math_mc,0.3,"[0.25,0.5)",4,0,0.0,,,-0.0009765625,-0.046875,0.041015625,-0.333251953125,-0.334228515625
math_mc:c0,math_mc,0,Mathematical Problem Solving Quality,False,mmlu,0.3,"[0.25,0.5)",22,11,0.0,0.0,0.0,-0.00931063565340909,-0.04519486860795454,0.023628651012073846,-0.002108487215909091,-0.011419122869318182
math_mc:c0,math_mc,0,Mathematical Problem Solving Quality,False,sgxs,0.3,"[0.25,0.5)",21,7,0.0,0.0,0.0,0.019345238095238096,-0.004464285714285714,0.04017857142857143,-0.11904761904761904,-0.09970238095238096
math_mc:c0,math_mc,0,Mathematical Problem Solving Quality,False,bbq,0.3,"[0.5,1.0)",27,16,0.0,0.0,0.0,-0.013275570339626737,-0.04185203269675926,0.01726045608520507,0.13285432038483797,0.11957875004521122
math_mc:c0,math_mc,0,Mathematical Problem Solving Quality,False,gsm_mc,0.3,"[0.5,1.0)",22,14,0.0,0.0,0.0,-0.028098366477272728,-0.05415926846590909,-0.000109863281250001,0.2129794034090909,0.18488103693181818
math_mc:c0,math_mc,0,Mathematical Problem Solving Quality,False,math_mc,0.3,"[0.5,1.0)",15,10,0.0,0.0,0.0,0.014692179361979167,-0.02042732238769531,0.04765291849772135,0.25592041015625,0.27061258951822914
math_mc:c0,math_mc,0,Mathematical Problem Solving Quality,False,mmlu,0.3,"[0.5,1.0)",19,16,0.0,0.0,0.0,-0.015040347450657895,-0.038252418919613486,0.010924008018092098,0.5571835166529605,0.5421431692023027
math_mc:c0,math_mc,0,Mathematical Problem Solving Quality,False,sgxs,0.3,"[0.5,1.0)",21,10,0.0,0.0,0.0,-0.013392857142857142,-0.03273809523809524,0.005952380952380952,-0.031994047619047616,-0.04538690476190476
math_mc:c0,math_mc,0,Mathematical Problem Solving Quality,False,bbq,0.3,"[1.0,2.0)",26,8,0.0,0.0,0.0,-0.001957820012019231,-0.027251610389122598,0.02236562875600961,-0.5073336087740384,-0.5092914287860577
math_mc:c0,math_mc,0,Mathematical Problem Solving Quality,False,gsm_mc,0.3,"[1.0,2.0)",22,15,0.0,0.0,0.0,-0.004194779829545455,-0.03703335848721591,0.033805153586647714,0.4691716974431818,0.46497691761363635
math_mc:c0,math_mc,0,Mathematical Problem Solving Quality,False,math_mc,0.3,"[1.0,2.0)",21,15,0.0,0.0,0.0,-0.012789045061383928,-0.04313605172293527,0.016718110584077375,0.761199224562872,0.7484101795014881
math_mc:c0,math_mc,0,Mathematical Problem Solving Quality,False,mmlu,0.3,"[1.0,2.0)",19,15,0.0,0.0,0.0,-0.0010938142475328948,-0.03417659558747944,0.029561574835526308,0.8549435264185855,0.8538497121710527
math_mc:c0,math_mc,0,Mathematical Problem Solving Quality,False,sgxs,0.3,"[1.0,2.0)",29,14,0.0,0.0,0.0,0.02478448275862069,-0.0018992456896551717,0.05577855603448275,0.004310344827586207,0.029094827586206896
math_mc:c0,math_mc,0,Mathematical Problem Solving Quality,False,bbq,0.5,<0.25,8,3,0.3333333333333333,0.0,1.0,-0.0048828125,-0.0751953125,0.05231933593749993,-0.017578125,-0.0224609375
math_mc:c0,math_mc,0,Mathematical Problem Solving Quality,False,gsm_mc,0.5,<0.25,9,3,0.0,0.0,0.0,-0.018500434027777776,-0.06614312065972222,0.027534993489583333,-0.050944010416666664,-0.06944444444444445
math_mc:c0,math_mc,0,Mathematical Problem Solving Quality,False,math_mc,0.5,<0.25,9,4,0.0,0.0,0.0,0.0030381944444444445,-0.025835503472222222,0.028976779513888884,-0.016710069444444444,-0.013671875
math_mc:c0,math_mc,0,Mathematical Problem Solving Quality,False,mmlu,0.5,<0.25,10,6,0.16666666666666666,0.0,0.5,-0.0134033203125,-0.07972686767578124,0.053306579589843736,0.05638427734375,0.04298095703125
math_mc:c0,math_mc,0,Mathematical Problem Solving Quality,False,sgxs,0.5,<0.25,22,14,0.07142857142857142,0.0,0.21428571428571427,0.004261363636363636,-0.029154829545454543,0.03409090909090909,0.03977272727272727,0.04403409090909091
math_mc:c0,math_mc,0,Mathematical Problem Solving Quality,False,bbq,0.5,>=2.0,30,7,0.0,0.0,0.0,0.008784993489583334,-0.038126322428385415,0.050219828287760386,-1.5321614583333334,-1.52337646484375
math_mc:c0,math_mc,0,Mathematical Problem Solving Quality,False,gsm_mc,0.5,>=2.0,38,33,0.0,0.0,0.0,-0.15539872018914475,-0.2049611944901316,-0.09008291144120067,2.8564645867598686,2.701065866570724
math_mc:c0,math_mc,0,Mathematical Problem Solving Quality,False,math_mc,0.5,>=2.0,51,46,0.0,0.0,0.0,-0.2043332118614047,-0.25370464511946134,-0.1568508503483791,3.7182377833946076,3.513904571533203
math_mc:c0,math_mc,0,Mathematical Problem Solving Quality,False,mmlu,0.5,>=2.0,30,24,0.0,0.0,0.0,-0.1270771026611328,-0.20232991536458333,-0.06142330805460619,2.292295201619466,2.1652180989583334
math_mc:c0,math_mc,0,Mathematical Problem Solving Quality,False,sgxs,0.5,>=2.0,7,5,0.0,0.0,0.0,-0.05803571428571429,-0.11724330357142856,0.03018973214285709,1.0602678571428572,1.0022321428571428
math_mc:c0,math_mc,0,Mathematical Problem Solving Quality,False,bbq,0.5,"[0.25,0.5)",9,4,0.0,0.0,0.0,-0.006757948133680556,-0.07112901475694444,0.041729312472873245,-0.07527330186631945,-0.08203125
math_mc:c0,math_mc,0,Mathematical Problem Solving Quality,False,gsm_mc,0.5,"[0.25,0.5)",9,2,0.0,0.0,0.0,0.03879123263888889,0.004421657986111113,0.06967502170138888,-0.20225694444444445,-0.16346571180555555
math_mc:c0,math_mc,0,Mathematical Problem Solving Quality,False,math_mc,0.5,"[0.25,0.5)",4,0,0.0,,,0.040283203125,-0.05126953125,0.1318359375,-0.333251953125,-0.29296875
math_mc:c0,math_mc,0,Mathematical Problem Solving Quality,False,mmlu,0.5,"[0.25,0.5)",22,11,0.0,0.0,0.0,0.01504794034090909,-0.021558726917613635,0.05490944602272724,-0.002108487215909091,0.012939453125
math_mc:c0,math_mc,0,Mathematical Problem Solving Quality,False,sgxs,0.5,"[0.25,0.5)",21,7,0.0,0.0,0.0,0.01488095238095238,-0.01488095238095238,0.042447916666666634,-0.11904761904761904,-0.10416666666666667
math_mc:c0,math_mc,0,Mathematical Problem Solving Quality,False,bbq,0.5,"[0.5,1.0)",27,16,0.0,0.0,0.0,-0.03597570348668982,-0.07402080959743923,-0.002239933720341457,0.13285432038483797,0.09687861689814815
math_mc:c0,math_mc,0,Mathematical Problem Solving Quality,False,gsm_mc,0.5,"[0.5,1.0)",22,14,0.0,0.0,0.0,-0.029063831676136364,-0.057899613813920454,0.0010198419744318092,0.2129794034090909,0.18391557173295456
math_mc:c0,math_mc,0,Mathematical Problem Solving Quality,False,math_mc,0.5,"[0.5,1.0)",15,10,0.0,0.0,0.0,-0.0014444986979166667,-0.048606160481770834,0.04151011149088542,0.25592041015625,0.2544759114583333
math_mc:c0,math_mc,0,Mathematical Problem Solving Quality,False,mmlu,0.5,"[0.5,1.0)",19,16,0.0,0.0,0.0,-0.018397281044407895,-0.04545055188630757,0.008507658305921045,0.5571835166529605,0.5387862356085527
math_mc:c0,math_mc,0,Mathematical Problem Solving Quality,False,sgxs,0.5,"[0.5,1.0)",21,10,0.0,0.0,0.0,-0.002232142857142857,-0.03908110119047619,0.029408482142857125,-0.031994047619047616,-0.03422619047619048
math_mc:c0,math_mc,0,Mathematical Problem Solving Quality,False,bbq,0.5,"[1.0,2.0)",26,8,0.0,0.0,0.0,-0.004652756911057692,-0.03275874211237981,0.024054189828725946,-0.5073336087740384,-0.5119863656850961
math_mc:c0,math_mc,0,Mathematical Problem Solving Quality,False,gsm_mc,0.5,"[1.0,2.0)",22,15,0.0,0.0,0.0,-0.02333623712713068,-0.06924122897061434,0.027213426069779823,0.4691716974431818,0.44583546031605115
math_mc:c0,math_mc,0,Mathematical Problem Solving Quality,False,math_mc,0.5,"[1.0,2.0)",21,15,0.0,0.0,0.0,-0.01782589867001488,-0.061279296875,0.025401832943870904,0.761199224562872,0.7433733258928571
math_mc:c0,math_mc,0,Mathematical Problem Solving Quality,False,mmlu,0.5,"[1.0,2.0)",19,15,0.0,0.0,0.0,-0.038999858655427634,-0.07684185630396793,0.006783254523026294,0.8549435264185855,0.8159436677631579
math_mc:c0,math_mc,0,Mathematical Problem Solving Quality,False,sgxs,0.5,"[1.0,2.0)",29,14,0.0,0.0,0.0,0.00646551724137931,-0.023450969827586206,0.0377424568965517,0.004310344827586207,0.010775862068965518
math_mc:c0,math_mc,0,Mathematical Problem Solving Quality,False,bbq,1.0,<0.25,8,3,0.3333333333333333,0.0,1.0,-0.05078125,-0.1255126953125,0.021069335937499933,-0.017578125,-0.068359375
math_mc:c0,math_mc,0,Mathematical Problem Solving Quality,False,gsm_mc,1.0,<0.25,9,3,0.6666666666666666,0.0,1.0,-0.026638454861111112,-0.09923231336805556,0.04723849826388886,-0.050944010416666664,-0.07758246527777778
math_mc:c0,math_mc,0,Mathematical Problem Solving Quality,False,math_mc,1.0,<0.25,9,4,0.25,0.0,0.75,0.016710069444444444,-0.040364583333333336,0.07564561631944443,-0.016710069444444444,0.0
math_mc:c0,math_mc,0,Mathematical Problem Solving Quality,False,mmlu,1.0,<0.25,10,6,0.3333333333333333,0.0,0.6666666666666666,-0.03548583984375,-0.10136322021484376,0.03705078124999997,0.05638427734375,0.0208984375
math_mc:c0,math_mc,0,Mathematical Problem Solving Quality,False,sgxs,1.0,<0.25,22,14,0.14285714285714285,0.0,0.35714285714285715,0.007102272727272727,-0.025941051136363635,0.03838778409090906,0.03977272727272727,0.046875
math_mc:c0,math_mc,0,Mathematical Problem Solving Quality,False,bbq,1.0,>=2.0,30,7,0.0,0.0,0.0,0.047021484375,-0.03665690104166667,0.12059651692708327,-1.5321614583333334,-1.4851399739583333
math_mc:c0,math_mc,0,Mathematical Problem Solving Quality,False,gsm_mc,1.0,>=2.0,38,33,0.0,0.0,0.0,-0.2852429841694079,-0.37602940609580593,-0.17254935816714645,2.8564645867598686,2.5712216025904606
math_mc:c0,math_mc,0,Mathematical Problem Solving Quality,False,math_mc,1.0,>=2.0,51,46,0.0,0.0,0.0,-0.4004337086397059,-0.4930190142463235,-0.30959113625919116,3.7182377833946076,3.317804074754902
math_mc:c0,math_mc,0,Mathematical Problem Solving Quality,False,mmlu,1.0,>=2.0,30,24,0.0,0.0,0.0,-0.2393817901611328,-0.3756655470530192,-0.10318766276041669,2.292295201619466,2.0529134114583334
math_mc:c0,math_mc,0,Mathematical Problem Solving Quality,False,sgxs,1.0,>=2.0,7,5,0.0,0.0,0.0,-0.12946428571428573,-0.3103794642857143,0.04933035714285694,1.0602678571428572,0.9308035714285714
math_mc:c0,math_mc,0,Mathematical Problem Solving Quality,False,bbq,1.0,"[0.25,0.5)",9,4,0.25,0.0,0.75,-0.004018147786458333,-0.1240094502766927,0.09124645657009545,-0.07527330186631945,-0.07929144965277778
math_mc:c0,math_mc,0,Mathematical Problem Solving Quality,False,gsm_mc,1.0,"[0.25,0.5)",9,2,0.0,0.0,0.0,0.0759006076388889,0.03125,0.11567925347222222,-0.20225694444444445,-0.12635633680555555
math_mc:c0,math_mc,0,Mathematical Problem Solving Quality,False,math_mc,1.0,"[0.25,0.5)",4,0,0.0,,,0.0517578125,-0.0126953125,0.1162109375,-0.333251953125,-0.281494140625
math_mc:c0,math_mc,0,Mathematical Problem Solving Quality,False,mmlu,1.0,"[0.25,0.5)",22,11,0.0,0.0,0.0,-0.013860529119318182,-0.059157492897727273,0.0336980646306818,-0.002108487215909091,-0.015969016335227272
math_mc:c0,math_mc,0,Mathematical Problem Solving Quality,False,sgxs,1.0,"[0.25,0.5)",21,7,0.0,0.0,0.0,0.03273809523809524,-0.011904761904761904,0.06845238095238096,-0.11904761904761904,-0.08630952380952381
math_mc:c0,math_mc,0,Mathematical Problem Solving Quality,False,bbq,1.0,"[0.5,1.0)",27,16,0.0,0.0,0.0,-0.05101295753761574,-0.09459669325086806,-0.014054927119502323,0.13285432038483797,0.08184136284722222
math_mc:c0,math_mc,0,Mathematical Problem Solving Quality,False,gsm_mc,1.0,"[0.5,1.0)",22,14,0.0,0.0,0.0,-0.015697132457386364,-0.060367653586647724,0.02768332741477271,0.2129794034090909,0.19728227095170456
math_mc:c0,math_mc,0,Mathematical Problem Solving Quality,False,math_mc,1.0,"[0.5,1.0)",15,10,0.0,0.0,0.0,-0.00787353515625,-0.08419677734375,0.07178558349609372,0.25592041015625,0.248046875
math_mc:c0,math_mc,0,Mathematical Problem Solving Quality,False,mmlu,1.0,"[0.5,1.0)",19,16,0.0,0.0,0.0,-0.045394094366776314,-0.08654889558490954,-0.004119069952713818,0.5571835166529605,0.5117894222861842
math_mc:c0,math_mc,0,Mathematical Problem Solving Quality,False,sgxs,1.0,"[0.5,1.0)",21,10,0.0,0.0,0.0,-0.011160714285714286,-0.058816964285714285,0.02792038690476189,-0.031994047619047616,-0.043154761904761904
math_mc:c0,math_mc,0,Mathematical Problem Solving Quality,False,bbq,1.0,"[1.0,2.0)",26,8,0.0,0.0,0.0,-0.03657062237079327,-0.09593315124511718,0.02571176382211534,-0.5073336087740384,-0.5439042311448318
math_mc:c0,math_mc,0,Mathematical Problem Solving Quality,False,gsm_mc,1.0,"[1.0,2.0)",22,15,0.0,0.0,0.0,-0.07439075816761363,-0.15084769509055398,0.0010568792169744169,0.4691716974431818,0.3947809392755682
math_mc:c0,math_mc,0,Mathematical Problem Solving Quality,False,math_mc,1.0,"[1.0,2.0)",21,15,0.0,0.0,0.0,-0.045588175455729164,-0.11948200407482329,0.03935870216006317,0.761199224562872,0.7156110491071429
math_mc:c0,math_mc,0,Mathematical Problem Solving Quality,False,mmlu,1.0,"[1.0,2.0)",19,15,0.0,0.0,0.0,-0.09497230931332237,-0.1654549849660773,-0.018650295859889005,0.8549435264185855,0.7599712171052632
math_mc:c0,math_mc,0,Mathematical Problem Solving Quality,False,sgxs,1.0,"[1.0,2.0)",29,14,0.0,0.0,0.0,0.01939655172413793,-0.03556034482758621,0.07219827586206896,0.004310344827586207,0.023706896551724137
mmlu:c0,mmlu,0,Moral Judgment Direction,False,bbq,0.1,<0.25,8,3,0.3333333333333333,0.0,1.0,0.0078125,-0.05859375,0.06352539062499996,-0.017578125,-0.009765625
mmlu:c0,mmlu,0,Moral Judgment Direction,False,gsm_mc,0.1,<0.25,9,3,0.3333333333333333,0.0,0.841666666666659,-0.010175916883680556,-0.04648895263671875,0.03823538886176215,-0.050944010416666664,-0.061119927300347224
mmlu:c0,mmlu,0,Moral Judgment Direction,False,math_mc,0.1,<0.25,9,4,0.0,0.0,0.0,0.02734375,-0.0028320312499999995,0.05164930555555555,-0.016710069444444444,0.010633680555555556
mmlu:c0,mmlu,0,Moral Judgment Direction,False,mmlu,0.1,<0.25,10,6,0.0,0.0,0.0,-0.02701416015625,-0.064776611328125,0.006943359374999991,0.05638427734375,0.0293701171875
mmlu:c0,mmlu,0,Moral Judgment Direction,False,sgxs,0.1,<0.25,22,14,0.07142857142857142,0.0,0.21428571428571427,0.008522727272727272,-0.014204545454545454,0.032670454545454544,0.03977272727272727,0.048295454545454544
mmlu:c0,mmlu,0,Moral Judgment Direction,False,bbq,0.1,>=2.0,30,7,0.0,0.0,0.0,-0.019609578450520835,-0.0425836435953776,0.002782567342122393,-1.5321614583333334,-1.5517710367838542
mmlu:c0,mmlu,0,Moral Judgment Direction,False,gsm_mc,0.1,>=2.0,38,33,0.0,0.0,0.0,0.02076159025493421,-0.0027458592465049343,0.04227897242495888,2.8564645867598686,2.8772261770148027
mmlu:c0,mmlu,0,Moral Judgment Direction,False,math_mc,0.1,>=2.0,51,46,0.0,0.0,0.0,0.05111814012714461,0.033011253207337624,0.07105141434015012,3.7182377833946076,3.7693559235217524
mmlu:c0,mmlu,0,Moral Judgment Direction,False,mmlu,0.1,>=2.0,30,24,0.0,0.0,0.0,0.04548149108886719,0.02198854128519694,0.07076929728190104,2.292295201619466,2.337776692708333
mmlu:c0,mmlu,0,Moral Judgment Direction,False,sgxs,0.1,>=2.0,7,5,0.0,0.0,0.0,0.006696428571428571,-0.024553571428571428,0.04017857142857143,1.0602678571428572,1.0669642857142858
mmlu:c0,mmlu,0,Moral Judgment Direction,False,bbq,0.1,"[0.25,0.5)",9,4,0.0,0.0,0.0,0.009490966796875,-0.037021636962890625,0.049728478325737846,-0.07527330186631945,-0.06578233506944445
mmlu:c0,mmlu,0,Moral Judgment Direction,False,gsm_mc,0.1,"[0.25,0.5)",9,2,0.0,0.0,0.0,0.027994791666666668,-0.01759982638888889,0.07628580729166666,-0.20225694444444445,-0.1742621527777778
mmlu:c0,mmlu,0,Moral Judgment Direction,False,math_mc,0.1,"[0.25,0.5)",4,0,0.0,,,-0.0146484375,-0.0654296875,0.017578125,-0.333251953125,-0.347900390625
mmlu:c0,mmlu,0,Moral Judgment Direction,False,mmlu,0.1,"[0.25,0.5)",22,11,0.0,0.0,0.0,-0.014581853693181818,-0.041473388671875,0.008477783203124992,-0.002108487215909091,-0.016690340909090908
mmlu:c0,mmlu,0,Moral Judgment Direction,False,sgxs,0.1,"[0.25,0.5)",21,7,0.0,0.0,0.0,0.03720238095238095,0.010416666666666666,0.06547619047619048,-0.11904761904761904,-0.0818452380952381
mmlu:c0,mmlu,0,Moral Judgment Direction,False,bbq,0.1,"[0.5,1.0)",27,16,0.0,0.0,0.0,0.011934633608217593,-0.012477224844473379,0.03470540929723669,0.13285432038483797,0.14478895399305555
mmlu:c0,mmlu,0,Moral Judgment Direction,False,gsm_mc,0.1,"[0.5,1.0)",22,14,0.0,0.0,0.0,-0.011541193181818182,-0.04395862926136364,0.02295143821022727,0.2129794034090909,0.20143821022727273
mmlu:c0,mmlu,0,Moral Judgment Direction,False,math_mc,0.1,"[0.5,1.0)",15,10,0.0,0.0,0.0,0.008548990885416666,-0.02042938232421875,0.0366796875,0.25592041015625,0.26446940104166666
mmlu:c0,mmlu,0,Moral Judgment Direction,False,mmlu,0.1,"[0.5,1.0)",19,16,0.0,0.0,0.0,0.020136782997532895,-0.007592893901624177,0.0519715158562911,0.5571835166529605,0.5773202996504935
mmlu:c0,mmlu,0,Moral Judgment Direction,False,sgxs,0.1,"[0.5,1.0)",21,10,0.0,0.0,0.0,0.0,-0.02976190476190476,0.02643229166666665,-0.031994047619047616,-0.031994047619047616
mmlu:c0,mmlu,0,Moral Judgment Direction,False,bbq,0.1,"[1.0,2.0)",26,8,0.0,0.0,0.0,0.005070612980769231,-0.014422372671274039,0.0295090895432692,-0.5073336087740384,-0.5022629957932693
mmlu:c0,mmlu,0,Moral Judgment Direction,False,gsm_mc,0.1,"[1.0,2.0)",22,15,0.0,0.0,0.0,-0.004330721768465909,-0.03251953125,0.027597531405362214,0.4691716974431818,0.4648409756747159
mmlu:c0,mmlu,0,Moral Judgment Direction,False,math_mc,0.1,"[1.0,2.0)",21,15,0.0,0.0,0.0,0.007319132486979167,-0.019023604620070682,0.03531428745814732,0.761199224562872,0.7685183570498512
mmlu:c0,mmlu,0,Moral Judgment Direction,False,mmlu,0.1,"[1.0,2.0)",19,15,0.0,0.0,0.0,0.039536325555098686,0.01669664884868421,0.06722283614309209,0.8549435264185855,0.8944798519736842
mmlu:c0,mmlu,0,Moral Judgment Direction,False,sgxs,0.1,"[1.0,2.0)",29,14,0.0,0.0,0.0,-0.003771551724137931,-0.02693965517241379,0.016985452586206883,0.004310344827586207,0.0005387931034482759
mmlu:c0,mmlu,0,Moral Judgment Direction,False,bbq,0.3,<0.25,8,3,0.0,0.0,0.0,-0.0078125,-0.068359375,0.045947265624999956,-0.017578125,-0.025390625
mmlu:c0,mmlu,0,Moral Judgment Direction,False,gsm_mc,0.3,<0.25,9,3,0.3333333333333333,0.0,0.841666666666659,-0.03591579861111111,-0.06768798828125,0.003784857855902777,-0.050944010416666664,-0.08685980902777778
mmlu:c0,mmlu,0,Moral Judgment Direction,False,math_mc,0.3,<0.25,9,4,0.0,0.0,0.0,0.053168402777777776,0.006157769097222224,0.09745008680555554,-0.016710069444444444,0.036458333333333336
mmlu:c0,mmlu,0,Moral Judgment Direction,False,mmlu,0.3,<0.25,10,6,0.0,0.0,0.0,-0.00966796875,-0.033499145507812494,0.01688201904296873,0.05638427734375,0.04671630859375
mmlu:c0,mmlu,0,Moral Judgment Direction,False,sgxs,0.3,<0.25,22,14,0.21428571428571427,0.07142857142857142,0.42857142857142855,0.0007102272727272727,-0.02556818181818182,0.028409090909090908,0.03977272727272727,0.040482954545454544
mmlu:c0,mmlu,0,Moral Judgment Direction,False,bbq,0.3,>=2.0,30,7,0.0,0.0,0.0,-0.06457112630208334,-0.10673960367838542,-0.014512634277343787,-1.5321614583333334,-1.5967325846354166
mmlu:c0,mmlu,0,Moral Judgment Direction,False,gsm_mc,0.3,>=2.0,38,33,0.0,0.0,0.0,0.08469431023848684,0.046250513980263155,0.12152629651521381,2.8564645867598686,2.9411588969983553
mmlu:c0,mmlu,0,Moral Judgment Direction,False,math_mc,0.3,>=2.0,51,46,0.0,0.0,0.0,0.13832989860983455,0.10314055798100491,0.17527799419328277,3.7182377833946076,3.8565676820044423
mmlu:c0,mmlu,0,Moral Judgment Direction,False,mmlu,0.3,>=2.0,30,24,0.0,0.0,0.0,0.10085258483886719,0.05110393842061361,0.1513820743560791,2.292295201619466,2.3931477864583335
mmlu:c0,mmlu,0,Moral Judgment Direction,False,sgxs,0.3,>=2.0,7,5,0.0,0.0,0.0,0.017857142857142856,-0.03571428571428571,0.07589285714285714,1.0602678571428572,1.078125
mmlu:c0,mmlu,0,Moral Judgment Direction,False,bbq,0.3,"[0.25,0.5)",9,4,0.0,0.0,0.0,-0.017825656467013888,-0.053974745008680554,0.01955498589409717,-0.07527330186631945,-0.09309895833333333
mmlu:c0,mmlu,0,Moral Judgment Direction,False,gsm_mc,0.3,"[0.25,0.5)",9,2,0.0,0.0,0.0,-0.008246527777777778,-0.06901041666666667,0.054367404513888884,-0.20225694444444445,-0.2105034722222222
mmlu:c0,mmlu,0,Moral Judgment Direction,False,math_mc,0.3,"[0.25,0.5)",4,0,0.0,,,-0.037273406982421875,-0.10449600219726562,0.05908203125,-0.333251953125,-0.3705253601074219
mmlu:c0,mmlu,0,Moral Judgment Direction,False,mmlu,0.3,"[0.25,0.5)",22,11,0.0,0.0,0.0,-0.007956764914772728,-0.03773942427201705,0.02319557883522727,-0.002108487215909091,-0.010065252130681818
mmlu:c0,mmlu,0,Moral Judgment Direction,False,sgxs,0.3,"[0.25,0.5)",21,7,0.0,0.0,0.0,0.011904761904761904,-0.01636904761904762,0.043936011904761874,-0.11904761904761904,-0.10714285714285714
mmlu:c0,mmlu,0,Moral Judgment Direction,False,bbq,0.3,"[0.5,1.0)",27,16,0.0,0.0,0.0,0.002037896050347222,-0.027095540364583334,0.02848897863317416,0.13285432038483797,0.13489221643518517
mmlu:c0,mmlu,0,Moral Judgment Direction,False,gsm_mc,0.3,"[0.5,1.0)",22,14,0.0,0.0,0.0,-0.027876420454545456,-0.0658536044034091,0.010549094460227247,0.2129794034090909,0.18510298295454544
mmlu:c0,mmlu,0,Moral Judgment Direction,False,math_mc,0.3,"[0.5,1.0)",15,10,0.0,0.0,0.0,0.0033894856770833332,-0.03799814860026041,0.04564666748046874,0.25592041015625,0.25930989583333336
mmlu:c0,mmlu,0,Moral Judgment Direction,False,mmlu,0.3,"[0.5,1.0)",19,16,0.0,0.0,0.0,0.05181884765625,0.021951534873560854,0.08634667647512335,0.5571835166529605,0.6090023643092105
mmlu:c0,mmlu,0,Moral Judgment Direction,False,sgxs,0.3,"[0.5,1.0)",21,10,0.0,0.0,0.0,-0.019345238095238096,-0.05693824404761905,0.016015624999999985,-0.031994047619047616,-0.05133928571428571
mmlu:c0,mmlu,0,Moral Judgment Direction,False,bbq,0.3,"[1.0,2.0)",26,8,0.0,0.0,0.0,-0.012066180889423076,-0.05403841458834134,0.034371713491586534,-0.5073336087740384,-0.5193997896634616
mmlu:c0,mmlu,0,Moral Judgment Direction,False,gsm_mc,0.3,"[1.0,2.0)",22,15,0.0,0.0,0.0,0.020674272017045456,-0.014000632546164772,0.060017256303267034,0.4691716974431818,0.4898459694602273
mmlu:c0,mmlu,0,Moral Judgment Direction,False,math_mc,0.3,"[1.0,2.0)",21,15,0.0,0.0,0.0,0.025445120675223216,-0.009693817865280877,0.056842059180850064,0.761199224562872,0.7866443452380952
mmlu:c0,mmlu,0,Moral Judgment Direction,False,mmlu,0.3,"[1.0,2.0)",19,15,0.0,0.0,0.0,0.061997263055098686,0.03396915636564556,0.08609069021124587,0.8549435264185855,0.9169407894736842
mmlu:c0,mmlu,0,Moral Judgment Direction,False,sgxs,0.3,"[1.0,2.0)",29,14,0.0,0.0,0.0,0.0,-0.024245689655172414,0.02209051724137931,0.004310344827586207,0.004310344827586207
mmlu:c0,mmlu,0,Moral Judgment Direction,False,bbq,0.5,<0.25,8,3,0.3333333333333333,0.0,1.0,-0.041015625,-0.12314453125,0.03237304687499987,-0.017578125,-0.05859375
mmlu:c0,mmlu,0,Moral Judgment Direction,False,gsm_mc,0.5,<0.25,9,3,0.3333333333333333,0.0,0.841666666666659,-0.04060194227430555,-0.07546946207682291,0.01068793402777773,-0.050944010416666664,-0.09154595269097222
mmlu:c0,mmlu,0,Moral Judgment Direction,False,math_mc,0.5,<0.25,9,4,0.0,0.0,0.0,0.012478298611111112,-0.036919487847222224,0.05785047743055554,-0.016710069444444444,-0.004231770833333333
mmlu:c0,mmlu,0,Moral Judgment Direction,False,mmlu,0.5,<0.25,10,6,0.0,0.0,0.0,0.00885009765625,-0.026611022949218747,0.055559082031249964,0.05638427734375,0.065234375
mmlu:c0,mmlu,0,Moral Judgment Direction,False,sgxs,0.5,<0.25,22,14,0.14285714285714285,0.0,0.35714285714285715,-0.004971590909090909,-0.03835227272727273,0.028071732954545438,0.03977272727272727,0.03480113636363636
mmlu:c0,mmlu,0,Moral Judgment Direction,False,bbq,0.5,>=2.0,30,7,0.0,0.0,0.0,-0.12649739583333333,-0.19257283528645833,-0.05386718750000004,-1.5321614583333334,-1.6586588541666667
mmlu:c0,mmlu,0,Moral Judgment Direction,False,gsm_mc,0.5,>=2.0,38,33,0.0,0.0,0.0,0.135986328125,0.07891138980263157,0.19370277806332237,2.8564645867598686,2.9924509148848686
mmlu:c0,mmlu,0,Moral Judgment Direction,False,math_mc,0.5,>=2.0,51,46,0.0,0.0,0.0,0.23300589767156862,0.1826620662913603,0.2847683177274816,3.7182377833946076,3.9512436810661766
mmlu:c0,mmlu,0,Moral Judgment Direction,False,mmlu,0.5,>=2.0,30,24,0.0,0.0,0.0,0.1700420379638672,0.08662516276041667,0.2531308396657308,2.292295201619466,2.4623372395833334
mmlu:c0,mmlu,0,Moral Judgment Direction,False,sgxs,0.5,>=2.0,7,5,0.0,0.0,0.0,0.033482142857142856,-0.03125,0.10714285714285714,1.0602678571428572,1.09375
mmlu:c0,mmlu,0,Moral Judgment Direction,False,bbq,0.5,"[0.25,0.5)",9,4,0.0,0.0,0.0,-0.004052056206597222,-0.05039418538411458,0.04296349419487844,-0.07527330186631945,-0.07932535807291667
mmlu:c0,mmlu,0,Moral Judgment Direction,False,gsm_mc,0.5,"[0.25,0.5)",9,2,0.0,0.0,0.0,-0.025282118055555556,-0.07532009548611111,0.02843967013888888,-0.20225694444444445,-0.2275390625
mmlu:c0,mmlu,0,Moral Judgment Direction,False,math_mc,0.5,"[0.25,0.5)",4,0,0.0,,,-0.022049903869628906,-0.061112403869628906,0.02734375,-0.333251953125,-0.3553018569946289
mmlu:c0,mmlu,0,Moral Judgment Direction,False,mmlu,0.5,"[0.25,0.5)",22,11,0.0,0.0,0.0,-0.0011707652698863637,-0.04279618696732954,0.034434370561079536,-0.002108487215909091,-0.0032792524857954545
mmlu:c0,mmlu,0,Moral Judgment Direction,False,sgxs,0.5,"[0.25,0.5)",21,7,0.0,0.0,0.0,0.00744047619047619,-0.02310267857142857,0.04017857142857143,-0.11904761904761904,-0.11160714285714286
mmlu:c0,mmlu,0,Moral Judgment Direction,False,bbq,0.5,"[0.5,1.0)",27,16,0.0,0.0,0.0,-0.006742124204282407,-0.05077093618887442,0.039741233543113395,0.13285432038483797,0.12611219618055555
mmlu:c0,mmlu,0,Moral Judgment Direction,False,gsm_mc,0.5,"[0.5,1.0)",22,14,0.0,0.0,0.0,-0.028586647727272728,-0.07054110440340909,0.01620427911931818,0.2129794034090909,0.18439275568181818
mmlu:c0,mmlu,0,Moral Judgment Direction,False,math_mc,0.5,"[0.5,1.0)",15,10,0.0,0.0,0.0,0.009574381510416667,-0.04746744791666666,0.06163594563802081,0.25592041015625,0.2654947916666667
mmlu:c0,mmlu,0,Moral Judgment Direction,False,mmlu,0.5,"[0.5,1.0)",19,16,0.0,0.0,0.0,0.07128585012335527,0.03390406558388158,0.1121457551655016,0.5571835166529605,0.6284693667763158
mmlu:c0,mmlu,0,Moral Judgment Direction,False,sgxs,0.5,"[0.5,1.0)",21,10,0.0,0.0,0.0,-0.001488095238095238,-0.05172991071428571,0.04503348214285713,-0.031994047619047616,-0.033482142857142856
mmlu:c0,mmlu,0,Moral Judgment Direction,False,bbq,0.5,"[1.0,2.0)",26,8,0.0,0.0,0.0,-0.030705378605769232,-0.0935875525841346,0.03968951885516826,-0.5073336087740384,-0.5380389873798077
mmlu:c0,mmlu,0,Moral Judgment Direction,False,gsm_mc,0.5,"[1.0,2.0)",22,15,0.0,0.0,0.0,0.0032570578835227275,-0.03010711669921875,0.040208296342329544,0.4691716974431818,0.47242875532670453
mmlu:c0,mmlu,0,Moral Judgment Direction,False,math_mc,0.5,"[1.0,2.0)",21,15,0.0,0.0,0.0,0.017446608770461308,-0.016102963402157736,0.04739944821312314,0.761199224562872,0.7786458333333334
mmlu:c0,mmlu,0,Moral Judgment Direction,False,mmlu,0.5,"[1.0,2.0)",19,15,0.0,0.0,0.0,0.08127152292351973,0.03311779624537418,0.12929815995065788,0.8549435264185855,0.9362150493421053
mmlu:c0,mmlu,0,Moral Judgment Direction,False,sgxs,0.5,"[1.0,2.0)",29,14,0.0,0.0,0.0,-0.005387931034482759,-0.04418103448275862,0.03314924568965516,0.004310344827586207,-0.0010775862068965517
mmlu:c0,mmlu,0,Moral Judgment Direction,False,bbq,1.0,<0.25,8,3,0.3333333333333333,0.0,1.0,-0.0625,-0.15625,0.030322265624999956,-0.017578125,-0.080078125
mmlu:c0,mmlu,0,Moral Judgment Direction,False,gsm_mc,1.0,<0.25,9,3,0.0,0.0,0.0,-0.08121744791666667,-0.13703206380208333,-0.02741834852430556,-0.050944010416666664,-0.13216145833333334
mmlu:c0,mmlu,0,Moral Judgment Direction,False,math_mc,1.0,<0.25,9,4,0.0,0.0,0.0,0.018391927083333332,-0.06896837022569444,0.10553792317708324,-0.016710069444444444,0.001681857638888889
mmlu:c0,mmlu,0,Moral Judgment Direction,False,mmlu,1.0,<0.25,10,6,0.0,0.0,0.0,0.02369384765625,-0.06439178466796874,0.12740722656249986,0.05638427734375,0.080078125
mmlu:c0,mmlu,0,Moral Judgment Direction,False,sgxs,1.0,<0.25,22,14,0.21428571428571427,0.07142857142857142,0.42857142857142855,-0.0007102272727272727,-0.04866832386363636,0.049449573863636284,0.03977272727272727,0.0390625
mmlu:c0,mmlu,0,Moral Judgment Direction,False,bbq,1.0,>=2.0,30,7,0.0,0.0,0.0,-0.2603678385416667,-0.38716512044270834,-0.10983601888020846,-1.5321614583333334,-1.792529296875
mmlu:c0,mmlu,0,Moral Judgment Direction,False,gsm_mc,1.0,>=2.0,38,33,0.0,0.0,0.0,0.2856557745682566,0.15250629625822368,0.3917694091796875,2.8564645867598686,3.142120361328125
mmlu:c0,mmlu,0,Moral Judgment Direction,False,math_mc,1.0,>=2.0,51,46,0.0,0.0,0.0,0.4609375,0.363601624731924,0.5562380323223038,3.7182377833946076,4.179175283394608
mmlu:c0,mmlu,0,Moral Judgment Direction,False,mmlu,1.0,>=2.0,30,24,0.0,0.0,0.0,0.3240133921305339,0.13815022786458334,0.5131377410888671,2.292295201619466,2.61630859375
mmlu:c0,mmlu,0,Moral Judgment Direction,False,sgxs,1.0,>=2.0,7,5,0.0,0.0,0.0,0.10267857142857142,-0.03911830357142857,0.2367187499999999,1.0602678571428572,1.1629464285714286
mmlu:c0,mmlu,0,Moral Judgment Direction,False,bbq,1.0,"[0.25,0.5)",9,4,0.0,0.0,0.0,-0.029273139105902776,-0.10796686808268229,0.03211339314778644,-0.07527330186631945,-0.10454644097222222
mmlu:c0,mmlu,0,Moral Judgment Direction,False,gsm_mc,1.0,"[0.25,0.5)",9,2,0.0,0.0,0.0,-0.034098307291666664,-0.14171210394965278,0.06067165798611109,-0.20225694444444445,-0.2363552517361111
mmlu:c0,mmlu,0,Moral Judgment Direction,False,math_mc,1.0,"[0.25,0.5)",4,0,0.0,,,-0.08349609375,-0.1402587890625,-0.0244140625,-0.333251953125,-0.416748046875
mmlu:c0,mmlu,0,Moral Judgment Direction,False,mmlu,1.0,"[0.25,0.5)",22,11,0.0,0.0,0.0,-0.00732421875,-0.0677490234375,0.04338045987215906,-0.002108487215909091,-0.00943270596590909
mmlu:c0,mmlu,0,Moral Judgment Direction,False,sgxs,1.0,"[0.25,0.5)",21,7,0.0,0.0,0.0,-0.01488095238095238,-0.06476934523809523,0.03125,-0.11904761904761904,-0.13392857142857142
mmlu:c0,mmlu,0,Moral Judgment Direction,False,bbq,1.0,"[0.5,1.0)",27,16,0.0,0.0,0.0,-0.02347932038483796,-0.08935730545609086,0.042647072120949016,0.13285432038483797,0.109375
mmlu:c0,mmlu,0,Moral Judgment Direction,False,gsm_mc,1.0,"[0.5,1.0)",22,14,0.0,0.0,0.0,-0.01092251864346591,-0.08139586015181108,0.05734315352006389,0.2129794034090909,0.202056884765625
mmlu:c0,mmlu,0,Moral Judgment Direction,False,math_mc,1.0,"[0.5,1.0)",15,10,0.0,0.0,0.0,0.03187255859375,-0.039309183756510414,0.10575154622395828,0.25592041015625,0.28779296875
mmlu:c0,mmlu,0,Moral Judgment Direction,False,mmlu,1.0,"[0.5,1.0)",19,16,0.0,0.0,0.0,0.1483057925575658,0.07325150339226974,0.22471257259971214,0.5571835166529605,0.7054893092105263
mmlu:c0,mmlu,0,Moral Judgment Direction,False,sgxs,1.0,"[0.5,1.0)",21,10,0.0,0.0,0.0,0.004464285714285714,-0.06328125,0.07518601190476187,-0.031994047619047616,-0.027529761904761904
mmlu:c0,mmlu,0,Moral Judgment Direction,False,bbq,1.0,"[1.0,2.0)",26,8,0.0,0.0,0.0,-0.07381497896634616,-0.17240412785456732,0.06093069223257199,-0.5073336087740384,-0.5811485877403846
mmlu:c0,mmlu,0,Moral Judgment Direction,False,gsm_mc,1.0,"[1.0,2.0)",22,15,0.0,0.0,0.0,0.02971857244318182,-0.04230846058238636,0.11000310724431814,0.4691716974431818,0.49889026988636365
mmlu:c0,mmlu,0,Moral Judgment Direction,False,math_mc,1.0,"[1.0,2.0)",21,15,0.0,0.0,0.0,0.06367056710379464,-0.019444710867745536,0.13857334681919636,0.761199224562872,0.8248697916666666
mmlu:c0,mmlu,0,Moral Judgment Direction,False,mmlu,1.0,"[1.0,2.0)",19,15,0.0,0.0,0.0,0.17363377621299342,0.06695697182103208,0.26518614919562083,0.8549435264185855,1.028577302631579
mmlu:c0,mmlu,0,Moral Judgment Direction,False,sgxs,1.0,"[1.0,2.0)",29,14,0.0,0.0,0.0,-0.01293103448275862,-0.06953124999999999,0.046875,0.004310344827586207,-0.008620689655172414
sgxs:c0,sgxs,0,Safety vs. Harmful Queries,False,bbq,0.1,<0.25,8,3,0.3333333333333333,0.0,1.0,-0.005859375,-0.067431640625,0.051806640624999956,-0.017578125,-0.0234375
sgxs:c0,sgxs,0,Safety vs. Harmful Queries,False,gsm_mc,0.1,<0.25,9,3,0.3333333333333333,0.0,0.841666666666659,-0.016276041666666668,-0.04991319444444445,0.02747938368055553,-0.050944010416666664,-0.06722005208333333
sgxs:c0,sgxs,0,Safety vs. Harmful Queries,False,math_mc,0.1,<0.25,9,4,0.0,0.0,0.0,-0.005859375,-0.035590277777777776,0.022569444444444444,-0.016710069444444444,-0.022569444444444444
sgxs:c0,sgxs,0,Safety vs. Harmful Queries,False,mmlu,0.1,<0.25,10,6,0.0,0.0,0.0,-0.026263427734375,-0.06619308471679687,0.009544219970703108,0.05638427734375,0.030120849609375
sgxs:c0,sgxs,0,Safety vs. Harmful Queries,False,sgxs,0.1,<0.25,22,14,0.21428571428571427,0.0,0.42857142857142855,-0.005681818181818182,-0.03125,0.024147727272727272,0.03977272727272727,0.03409090909090909
sgxs:c0,sgxs,0,Safety vs. Harmful Queries,False,bbq,0.1,>=2.0,30,7,0.0,0.0,0.0,-0.002734375,-0.022571614583333333,0.018409016927083334,-1.5321614583333334,-1.5348958333333333
sgxs:c0,sgxs,0,Safety vs. Harmful Queries,False,gsm_mc,0.1,>=2.0,38,33,0.0,0.0,0.0,0.004143965871710526,-0.016205476459703945,0.0271702816611842,2.8564645867598686,2.8606085526315788
sgxs:c0,sgxs,0,Safety vs. Harmful Queries,False,math_mc,0.1,>=2.0,51,46,0.0,0.0,0.0,0.014763327205882353,-0.0006537942325367647,0.032138001685049,3.7182377833946076,3.7330011106004903
sgxs:c0,sgxs,0,Safety vs. Harmful Queries,False,mmlu,0.1,>=2.0,30,24,0.0,0.0,0.0,0.007912317911783854,-0.009362236658732096,0.030188137690226227,2.292295201619466,2.30020751953125
sgxs:c0,sgxs,0,Safety vs. Harmful Queries,False,sgxs,0.1,>=2.0,7,5,0.0,0.0,0.0,-0.022321428571428572,-0.05803571428571429,0.017857142857142856,1.0602678571428572,1.0379464285714286
sgxs:c0,sgxs,0,Safety vs. Harmful Queries,False,bbq,0.1,"[0.25,0.5)",9,4,0.0,0.0,0.0,-0.006669786241319444,-0.03175320095486111,0.02267659505208331,-0.07527330186631945,-0.0819430881076389
sgxs:c0,sgxs,0,Safety vs. Harmful Queries,False,gsm_mc,0.1,"[0.25,0.5)",9,2,0.0,0.0,0.0,0.0006510416666666666,-0.023583984375,0.024555121527777748,-0.20225694444444445,-0.2016059027777778
sgxs:c0,sgxs,0,Safety vs. Harmful Queries,False,math_mc,0.1,"[0.25,0.5)",4,0,0.0,,,-0.014892578125,-0.061279296875,0.0263671875,-0.333251953125,-0.34814453125
sgxs:c0,sgxs,0,Safety vs. Harmful Queries,False,mmlu,0.1,"[0.25,0.5)",22,11,0.0,0.0,0.0,-0.02099609375,-0.044921875,0.0023548473011363617,-0.002108487215909091,-0.023104580965909092
sgxs:c0,sgxs,0,Safety vs. Harmful Queries,False,sgxs,0.1,"[0.25,0.5)",21,7,0.0,0.0,0.0,0.010416666666666666,-0.012686011904761901,0.03422619047619048,-0.11904761904761904,-0.10863095238095238
sgxs:c0,sgxs,0,Safety vs. Harmful Queries,False,bbq,0.1,"[0.5,1.0)",27,16,0.0,0.0,0.0,-0.003212822808159722,-0.0273416589807581,0.02115358423303674,0.13285432038483797,0.12964149757667823
sgxs:c0,sgxs,0,Safety vs. Harmful Queries,False,gsm_mc,0.1,"[0.5,1.0)",22,14,0.0,0.0,0.0,-0.008966619318181818,-0.03722034801136363,0.020068359374999956,0.2129794034090909,0.2040127840909091
sgxs:c0,sgxs,0,Safety vs. Harmful Queries,False,math_mc,0.1,"[0.5,1.0)",15,10,0.0,0.0,0.0,-0.004056803385416667,-0.03827077229817708,0.028708190917968723,0.25592041015625,0.25186360677083336
sgxs:c0,sgxs,0,Safety vs. Harmful Queries,False,mmlu,0.1,"[0.5,1.0)",19,16,0.0,0.0,0.0,0.02105712890625,0.0036373740748355263,0.03775088661595394,0.5571835166529605,0.5782406455592105
sgxs:c0,sgxs,0,Safety vs. Harmful Queries,False,sgxs,0.1,"[0.5,1.0)",21,10,0.0,0.0,0.0,0.011904761904761904,-0.00744047619047619,0.030543154761904726,-0.031994047619047616,-0.020089285714285716
sgxs:c0,sgxs,0,Safety vs. Harmful Queries,False,bbq,0.1,"[1.0,2.0)",26,8,0.0,0.0,0.0,0.012554462139423076,-0.011291738656850962,0.03669504018930288,-0.5073336087740384,-0.49477914663461536
sgxs:c0,sgxs,0,Safety vs. Harmful Queries,False,gsm_mc,0.1,"[1.0,2.0)",22,15,0.0,0.0,0.0,-0.002912347966974432,-0.02679807489568537,0.026513134349476206,0.4691716974431818,0.4662593494762074
sgxs:c0,sgxs,0,Safety vs. Harmful Queries,False,math_mc,0.1,"[1.0,2.0)",21,15,0.0,0.0,0.0,0.008817400251116072,-0.016936874389648436,0.03186180478050595,0.761199224562872,0.7700166248139881
sgxs:c0,sgxs,0,Safety vs. Harmful Queries,False,mmlu,0.1,"[1.0,2.0)",19,15,0.0,0.0,0.0,0.02617283871299342,0.0035828841359991782,0.05206796746504934,0.8549435264185855,0.881116365131579
sgxs:c0,sgxs,0,Safety vs. Harmful Queries,False,sgxs,0.1,"[1.0,2.0)",29,14,0.0,0.0,0.0,-0.014547413793103448,-0.040948275862068964,0.009981142241379299,0.004310344827586207,-0.010237068965517241
sgxs:c0,sgxs,0,Safety vs. Harmful Queries,False,bbq,0.3,<0.25,8,3,0.0,0.0,0.0,-0.02734375,-0.07421875,0.010791015624999956,-0.017578125,-0.044921875
sgxs:c0,sgxs,0,Safety vs. Harmful Queries,False,gsm_mc,0.3,<0.25,9,3,0.3333333333333333,0.0,0.841666666666659,-0.026095920138888888,-0.0632052951388889,0.014370388454861093,-0.050944010416666664,-0.07703993055555555
sgxs:c0,sgxs,0,Safety vs. Harmful Queries,False,math_mc,0.3,<0.25,9,4,0.0,0.0,0.0,0.037543402777777776,-0.01021050347222222,0.07738172743055555,-0.016710069444444444,0.020833333333333332
sgxs:c0,sgxs,0,Safety vs. Harmful Queries,False,mmlu,0.3,<0.25,10,6,0.16666666666666666,0.0,0.5,-0.0064208984375,-0.045026855468749995,0.031935119628906244,0.05638427734375,0.04996337890625
sgxs:c0,sgxs,0,Safety vs. Harmful Queries,False,sgxs,0.3,<0.25,22,14,0.07142857142857142,0.0,0.21428571428571427,0.020596590909090908,-0.0035511363636363635,0.045454545454545456,0.03977272727272727,0.060369318181818184
sgxs:c0,sgxs,0,Safety vs. Harmful Queries,False,bbq,0.3,>=2.0,30,7,0.0,0.0,0.0,-0.0344970703125,-0.057553710937499995,-0.007855224609375013,-1.5321614583333334,-1.5666585286458334
sgxs:c0,sgxs,0,Safety vs. Harmful Queries,False,gsm_mc,0.3,>=2.0,38,33,0.0,0.0,0.0,0.026309364720394735,-0.00255319695723684,0.05260941354851973,2.8564645867598686,2.8827739514802633
sgxs:c0,sgxs,0,Safety vs. Harmful Queries,False,math_mc,0.3,>=2.0,51,46,0.0,0.0,0.0,0.047368068321078434,0.02671652401194853,0.06565288468903185,3.7182377833946076,3.7656058517156863
sgxs:c0,sgxs,0,Safety vs. Harmful Queries,False,mmlu,0.3,>=2.0,30,24,0.0,0.0,0.0,0.01737073262532552,-0.009095865885416665,0.043630634943644206,2.292295201619466,2.3096659342447916
sgxs:c0,sgxs,0,Safety vs. Harmful Queries,False,sgxs,0.3,>=2.0,7,5,0.0,0.0,0.0,-0.03125,-0.07366071428571429,0.008928571428571428,1.0602678571428572,1.0290178571428572
sgxs:c0,sgxs,0,Safety vs. Harmful Queries,False,bbq,0.3,"[0.25,0.5)",9,4,0.0,0.0,0.0,-0.019744873046875,-0.043111250135633675,0.00443878173828121,-0.07527330186631945,-0.09501817491319445
sgxs:c0,sgxs,0,Safety vs. Harmful Queries,False,gsm_mc,0.3,"[0.25,0.5)",9,2,0.0,0.0,0.0,-0.009548611111111112,-0.039290364583333334,0.022569444444444444,-0.20225694444444445,-0.21180555555555555
sgxs:c0,sgxs,0,Safety vs. Harmful Queries,False,math_mc,0.3,"[0.25,0.5)",4,0,0.0,,,0.033935546875,-0.026611328125,0.08935546875,-0.333251953125,-0.29931640625
sgxs:c0,sgxs,0,Safety vs. Harmful Queries,False,mmlu,0.3,"[0.25,0.5)",22,11,0.0,0.0,0.0,-0.006059126420454545,-0.034540904651988634,0.023839222301136342,-0.002108487215909091,-0.008167613636363636
sgxs:c0,sgxs,0,Safety vs. Harmful Queries,False,sgxs,0.3,"[0.25,0.5)",21,7,0.0,0.0,0.0,0.04017857142857143,0.005952380952380952,0.07369791666666664,-0.11904761904761904,-0.07886904761904762
sgxs:c0,sgxs,0,Safety vs. Harmful Queries,False,bbq,0.3,"[0.5,1.0)",27,16,0.0,0.0,0.0,-0.007402208116319444,-0.03426089816623264,0.019106434009693283,0.13285432038483797,0.12545211226851852
sgxs:c0,sgxs,0,Safety vs. Harmful Queries,False,gsm_mc,0.3,"[0.5,1.0)",22,14,0.0,0.0,0.0,0.006081321022727273,-0.03218328302556818,0.041087757457386354,0.2129794034090909,0.21906072443181818
sgxs:c0,sgxs,0,Safety vs. Harmful Queries,False,math_mc,0.3,"[0.5,1.0)",15,10,0.0,0.0,0.0,0.018428548177083334,-0.011731770833333332,0.049676615397135415,0.25592041015625,0.27434895833333334
sgxs:c0,sgxs,0,Safety vs. Harmful Queries,False,mmlu,0.3,"[0.5,1.0)",19,16,0.0,0.0,0.0,0.005509225945723684,-0.02236328125,0.037078536184210524,0.5571835166529605,0.5626927425986842
sgxs:c0,sgxs,0,Safety vs. Harmful Queries,False,sgxs,0.3,"[0.5,1.0)",21,10,0.0,0.0,0.0,-0.00818452380952381,-0.051023065476190475,0.03387276785714284,-0.031994047619047616,-0.04017857142857143
sgxs:c0,sgxs,0,Safety vs. Harmful Queries,False,bbq,0.3,"[1.0,2.0)",26,8,0.0,0.0,0.0,-0.012807992788461538,-0.03983060396634615,0.016353665865384604,-0.5073336087740384,-0.5201416015625
sgxs:c0,sgxs,0,Safety vs. Harmful Queries,False,gsm_mc,0.3,"[1.0,2.0)",22,15,0.0,0.0,0.0,-0.00912198153409091,-0.036444091796875,0.020513361150568156,0.4691716974431818,0.4600497159090909
sgxs:c0,sgxs,0,Safety vs. Harmful Queries,False,math_mc,0.3,"[1.0,2.0)",21,15,0.0,0.0,0.0,-0.021383376348586308,-0.052668671380905877,0.006037848336356021,0.761199224562872,0.7398158482142857
sgxs:c0,sgxs,0,Safety vs. Harmful Queries,False,mmlu,0.3,"[1.0,2.0)",19,15,0.0,0.0,0.0,0.03321115594161184,0.010395692524157073,0.061724853515625,0.8549435264185855,0.8881546823601973
sgxs:c0,sgxs,0,Safety vs. Harmful Queries,False,sgxs,0.3,"[1.0,2.0)",29,14,0.0,0.0,0.0,0.0005387931034482759,-0.027532327586206894,0.02747844827586207,0.004310344827586207,0.004849137931034483
sgxs:c0,sgxs,0,Safety vs. Harmful Queries,False,bbq,0.5,<0.25,8,3,0.6666666666666666,0.0,1.0,-0.078125,-0.129931640625,-0.015625,-0.017578125,-0.095703125
sgxs:c0,sgxs,0,Safety vs. Harmful Queries,False,gsm_mc,0.5,<0.25,9,3,0.3333333333333333,0.0,0.841666666666659,-0.05495876736111111,-0.11203206380208333,0.006795247395833321,-0.050944010416666664,-0.10590277777777778
sgxs:c0,sgxs,0,Safety vs. Harmful Queries,False,math_mc,0.5,<0.25,9,4,0.0,0.0,0.0,0.04318576388888889,-0.0023980034722222215,0.08595920138888886,-0.016710069444444444,0.026475694444444444
sgxs:c0,sgxs,0,Safety vs. Harmful Queries,False,mmlu,0.5,<0.25,10,6,0.0,0.0,0.0,-0.02491455078125,-0.06417449951171875,0.01944152832031249,0.05638427734375,0.0314697265625
sgxs:c0,sgxs,0,Safety vs. Harmful Queries,False,sgxs,0.5,<0.25,22,14,0.21428571428571427,0.0,0.42857142857142855,0.026278409090909092,-0.023100142045454543,0.0703125,0.03977272727272727,0.06605113636363637
sgxs:c0,sgxs,0,Safety vs. Harmful Queries,False,bbq,0.5,>=2.0,30,7,0.0,0.0,0.0,-0.07464192708333334,-0.1124853515625,-0.032115478515625004,-1.5321614583333334,-1.6068033854166666
sgxs:c0,sgxs,0,Safety vs. Harmful Queries,False,gsm_mc,0.5,>=2.0,38,33,0.0,0.0,0.0,0.04514674136513158,0.010002055921052633,0.07650515907689144,2.8564645867598686,2.901611328125
sgxs:c0,sgxs,0,Safety vs. Harmful Queries,False,math_mc,0.5,>=2.0,51,46,0.0,0.0,0.0,0.06366804534313726,0.03836466471354167,0.08837758980545342,3.7182377833946076,3.781905828737745
sgxs:c0,sgxs,0,Safety vs. Harmful Queries,False,mmlu,0.5,>=2.0,30,24,0.0,0.0,0.0,0.039241663614908856,-0.002688751220703124,0.07844203631083167,2.292295201619466,2.331536865234375
sgxs:c0,sgxs,0,Safety vs. Harmful Queries,False,sgxs,0.5,>=2.0,7,5,0.0,0.0,0.0,-0.017857142857142856,-0.06696428571428571,0.022321428571428572,1.0602678571428572,1.0424107142857142
sgxs:c0,sgxs,0,Safety vs. Harmful Queries,False,bbq,0.5,"[0.25,0.5)",9,4,0.0,0.0,0.0,-0.050160725911458336,-0.08680555555555555,-0.008395470513237873,-0.07527330186631945,-0.1254340277777778
sgxs:c0,sgxs,0,Safety vs. Harmful Queries,False,gsm_mc,0.5,"[0.25,0.5)",9,2,0.0,0.0,0.0,0.002739800347222222,-0.05834418402777777,0.06750217013888887,-0.20225694444444445,-0.1995171440972222
sgxs:c0,sgxs,0,Safety vs. Harmful Queries,False,math_mc,0.5,"[0.25,0.5)",4,0,0.0,,,-0.033935546875,-0.135986328125,0.04150390625,-0.333251953125,-0.3671875
sgxs:c0,sgxs,0,Safety vs. Harmful Queries,False,mmlu,0.5,"[0.25,0.5)",22,11,0.0,0.0,0.0,-0.007152210582386364,-0.02892220237038352,0.015706565163352264,-0.002108487215909091,-0.009260697798295454
sgxs:c0,sgxs,0,Safety vs. Harmful Queries,False,sgxs,0.5,"[0.25,0.5)",21,7,0.0,0.0,0.0,0.05803571428571429,0.020833333333333332,0.09970238095238096,-0.11904761904761904,-0.06101190476190476
sgxs:c0,sgxs,0,Safety vs. Harmful Queries,False,bbq,0.5,"[0.5,1.0)",27,16,0.0,0.0,0.0,-0.02043547453703704,-0.0533548425745081,0.009426116943359363,0.13285432038483797,0.11241884584780093
sgxs:c0,sgxs,0,Safety vs. Harmful Queries,False,gsm_mc,0.5,"[0.5,1.0)",22,14,0.0,0.0,0.0,0.0014398748224431818,-0.04266336614435369,0.04179632013494318,0.2129794034090909,0.2144192782315341
sgxs:c0,sgxs,0,Safety vs. Harmful Queries,False,math_mc,0.5,"[0.5,1.0)",15,10,0.0,0.0,0.0,-0.0030232747395833332,-0.03690104166666666,0.03382212320963539,0.25592041015625,0.25289713541666664
sgxs:c0,sgxs,0,Safety vs. Harmful Queries,False,mmlu,0.5,"[0.5,1.0)",19,16,0.0,0.0,0.0,0.007218210320723684,-0.020015355160361844,0.035767966822574,0.5571835166529605,0.5644017269736842
sgxs:c0,sgxs,0,Safety vs. Harmful Queries,False,sgxs,0.5,"[0.5,1.0)",21,10,0.0,0.0,0.0,0.00744047619047619,-0.03947172619047619,0.05247395833333332,-0.031994047619047616,-0.024553571428571428
sgxs:c0,sgxs,0,Safety vs. Harmful Queries,False,bbq,0.5,"[1.0,2.0)",26,8,0.0,0.0,0.0,-0.04140061598557692,-0.07783320500300481,0.004580218975360506,-0.5073336087740384,-0.5487342247596154
sgxs:c0,sgxs,0,Safety vs. Harmful Queries,False,gsm_mc,0.5,"[1.0,2.0)",22,15,0.0,0.0,0.0,-0.010542436079545454,-0.04639337713068182,0.025047163529829525,0.4691716974431818,0.45862926136363635
sgxs:c0,sgxs,0,Safety vs. Harmful Queries,False,math_mc,0.5,"[1.0,2.0)",21,15,0.0,0.0,0.0,-0.015710013253348216,-0.05624578566778274,0.021442940121605282,0.761199224562872,0.7454892113095238
sgxs:c0,sgxs,0,Safety vs. Harmful Queries,False,mmlu,0.5,"[1.0,2.0)",19,15,0.0,0.0,0.0,0.03615690532483553,0.00047358462685032933,0.07117064626593339,0.8549435264185855,0.891100431743421
sgxs:c0,sgxs,0,Safety vs. Harmful Queries,False,sgxs,0.5,"[1.0,2.0)",29,14,0.0,0.0,0.0,0.007004310344827586,-0.02747844827586207,0.04015355603448275,0.004310344827586207,0.011314655172413793
sgxs:c0,sgxs,0,Safety vs. Harmful Queries,False,bbq,1.0,<0.25,8,3,1.0,1.0,1.0,-0.1796875,-0.2578125,-0.08686523437500004,-0.017578125,-0.197265625
sgxs:c0,sgxs,0,Safety vs. Harmful Queries,False,gsm_mc,1.0,<0.25,9,3,0.3333333333333333,0.0,0.841666666666659,-0.04150390625,-0.08806423611111111,0.015361870659722216,-0.050944010416666664,-0.09244791666666667
sgxs:c0,sgxs,0,Safety vs. Harmful Queries,False,math_mc,1.0,<0.25,9,4,0.0,0.0,0.0,0.05967881944444445,0.010416666666666666,0.10796983506944444,-0.016710069444444444,0.04296875
sgxs:c0,sgxs,0,Safety vs. Harmful Queries,False,mmlu,1.0,<0.25,10,6,0.0,0.0,0.0,-0.02919921875,-0.0578143310546875,-0.0027203369140625464,0.05638427734375,0.02718505859375
sgxs:c0,sgxs,0,Safety vs. Harmful Queries,False,sgxs,1.0,<0.25,22,14,0.21428571428571427,0.0,0.42857142857142855,0.03125,-0.03558238636363636,0.09733664772727268,0.03977272727272727,0.07102272727272728
sgxs:c0,sgxs,0,Safety vs. Harmful Queries,False,bbq,1.0,>=2.0,30,7,0.0,0.0,0.0,-0.14020182291666666,-0.20631876627604168,-0.07807250976562509,-1.5321614583333334,-1.67236328125
sgxs:c0,sgxs,0,Safety vs. Harmful Queries,False,gsm_mc,1.0,>=2.0,38,33,0.0,0.0,0.0,0.10808362458881579,0.04909218236019737,0.15793039422286181,2.8564645867598686,2.964548211348684
sgxs:c0,sgxs,0,Safety vs. Harmful Queries,False,math_mc,1.0,>=2.0,51,46,0.0,0.0,0.0,0.1112515318627451,0.06587350882735907,0.15599299412147663,3.7182377833946076,3.829489315257353
sgxs:c0,sgxs,0,Safety vs. Harmful Queries,False,mmlu,1.0,>=2.0,30,24,0.0,0.0,0.0,0.06454073588053386,-0.0018941084543863884,0.12278772672017416,2.292295201619466,2.3568359375
sgxs:c0,sgxs,0,Safety vs. Harmful Queries,False,sgxs,1.0,>=2.0,7,5,0.0,0.0,0.0,-0.044642857142857144,-0.18643973214285714,0.07929687499999995,1.0602678571428572,1.015625
sgxs:c0,sgxs,0,Safety vs. Harmful Queries,False,bbq,1.0,"[0.25,0.5)",9,4,0.0,0.0,0.0,-0.08162773980034722,-0.14453125,-0.013499959309895875,-0.07527330186631945,-0.15690104166666666
sgxs:c0,sgxs,0,Safety vs. Harmful Queries,False,gsm_mc,1.0,"[0.25,0.5)",9,2,0.0,0.0,0.0,-0.0018446180555555555,-0.06369900173611111,0.06820475260416665,-0.20225694444444445,-0.2041015625
sgxs:c0,sgxs,0,Safety vs. Harmful Queries,False,math_mc,1.0,"[0.25,0.5)",4,0,0.0,,,-0.00390625,-0.11328125,0.10546875,-0.333251953125,-0.337158203125
sgxs:c0,sgxs,0,Safety vs. Harmful Queries,False,mmlu,1.0,"[0.25,0.5)",22,11,0.0,0.0,0.0,-0.01165771484375,-0.051521439985795454,0.022460382634943172,-0.002108487215909091,-0.01376620205965909
sgxs:c0,sgxs,0,Safety vs. Harmful Queries,False,sgxs,1.0,"[0.25,0.5)",21,7,0.0,0.0,0.0,0.06101190476190476,-0.002976190476190476,0.13173363095238091,-0.11904761904761904,-0.05803571428571429
sgxs:c0,sgxs,0,Safety vs. Harmful Queries,False,bbq,1.0,"[0.5,1.0)",27,16,0.0,0.0,0.0,-0.03306410047743055,-0.09014129638671875,0.01711044311523437,0.13285432038483797,0.09979021990740741
sgxs:c0,sgxs,0,Safety vs. Harmful Queries,False,gsm_mc,1.0,"[0.5,1.0)",22,14,0.0,0.0,0.0,0.0038341175426136365,-0.05833726362748579,0.0614901455965909,0.2129794034090909,0.21681352095170456
sgxs:c0,sgxs,0,Safety vs. Harmful Queries,False,math_mc,1.0,"[0.5,1.0)",15,10,0.0,0.0,0.0,-0.020082600911458335,-0.07176803588867188,0.0368427530924479,0.25592041015625,0.23583780924479167
sgxs:c0,sgxs,0,Safety vs. Harmful Queries,False,mmlu,1.0,"[0.5,1.0)",19,16,0.0,0.0,0.0,0.02437230160361842,-0.011926912006578947,0.06293720446134866,0.5571835166529605,0.581555818256579
sgxs:c0,sgxs,0,Safety vs. Harmful Queries,False,sgxs,1.0,"[0.5,1.0)",21,10,0.0,0.0,0.0,0.03720238095238095,-0.047619047619047616,0.11097470238095228,-0.031994047619047616,0.005208333333333333
sgxs:c0,sgxs,0,Safety vs. Harmful Queries,False,bbq,1.0,"[1.0,2.0)",26,8,0.0,0.0,0.0,-0.08302659254807693,-0.14652240459735577,-0.01239905724158656,-0.5073336087740384,-0.5903602013221154
sgxs:c0,sgxs,0,Safety vs. Harmful Queries,False,gsm_mc,1.0,"[1.0,2.0)",22,15,0.0,0.0,0.0,0.009954279119318182,-0.040621948242187504,0.06745993874289771,0.4691716974431818,0.4791259765625
sgxs:c0,sgxs,0,Safety vs. Harmful Queries,False,math_mc,1.0,"[1.0,2.0)",21,15,0.0,0.0,0.0,-0.011803763253348214,-0.07425458998907179,0.04595369611467633,0.761199224562872,0.7493954613095238
sgxs:c0,sgxs,0,Safety vs. Harmful Queries,False,mmlu,1.0,"[1.0,2.0)",19,15,0.0,0.0,0.0,0.05374787983141447,0.008953094482421875,0.10054437737715868,0.8549435264185855,0.90869140625
sgxs:c0,sgxs,0,Safety vs. Harmful Queries,False,sgxs,1.0,"[1.0,2.0)",29,14,0.0,0.0,0.0,0.02478448275862069,-0.043952047413793105,0.08541217672413791,0.004310344827586207,0.029094827586206896
