layer,epsilon,cc,tag,mode,K,N,seed_a,seed_b,comp_a,comp_b,cosine_components,score_corr,label_a,label_b,label_token_jaccard
13,1.0,ambig,flip,chosen,10,200,0,1,0,9,-0.007313170470297337,-0.08472220001447654,MANUAL,MANUAL,1.0
13,1.0,ambig,flip,chosen,10,200,0,1,1,1,0.9422524571418762,-0.04809186828207383,MANUAL,MANUAL,1.0
13,1.0,ambig,flip,chosen,10,200,0,1,2,3,0.3919132351875305,0.04178582957230658,MANUAL,MANUAL,1.0
13,1.0,ambig,flip,chosen,10,200,0,1,3,4,0.2812580168247223,0.03415911527368181,MANUAL,MANUAL,1.0
13,1.0,ambig,flip,chosen,10,200,0,1,4,5,0.7862001061439514,0.0930558505154948,MANUAL,MANUAL,1.0
13,1.0,ambig,flip,chosen,10,200,0,1,5,6,0.22658488154411316,0.1395964040043025,MANUAL,MANUAL,1.0
13,1.0,ambig,flip,chosen,10,200,0,1,6,0,-0.0014801061479374766,-0.05102331839821488,MANUAL,MANUAL,1.0
13,1.0,ambig,flip,chosen,10,200,0,1,7,7,0.6234928369522095,0.05101042305733877,MANUAL,MANUAL,1.0
13,1.0,ambig,flip,chosen,10,200,0,1,8,8,0.442529559135437,0.024791590722546476,MANUAL,MANUAL,1.0
13,1.0,ambig,flip,chosen,10,200,0,1,9,2,0.1376819908618927,0.010542984489027893,MANUAL,MANUAL,1.0
13,1.0,ambig,flip,rejected,10,200,0,1,0,0,0.9546954035758972,0.07323739773199486,MANUAL,MANUAL,1.0
13,1.0,ambig,flip,rejected,10,200,0,1,1,1,0.8259144425392151,0.18567563655190397,MANUAL,MANUAL,1.0
13,1.0,ambig,flip,rejected,10,200,0,1,2,2,0.7587339878082275,0.1801809753575157,MANUAL,MANUAL,1.0
13,1.0,ambig,flip,rejected,10,200,0,1,3,3,0.4157261550426483,0.061792647540161415,MANUAL,MANUAL,1.0
13,1.0,ambig,flip,rejected,10,200,0,1,4,6,-0.033126138150691986,-0.028643372019769724,MANUAL,MANUAL,1.0
13,1.0,ambig,flip,rejected,10,200,0,1,5,5,0.4479067027568817,0.16800944446547775,MANUAL,MANUAL,1.0
13,1.0,ambig,flip,rejected,10,200,0,1,6,9,0.09320530295372009,0.029740784172398237,MANUAL,MANUAL,1.0
13,1.0,ambig,flip,rejected,10,200,0,1,7,7,0.644281268119812,-0.030185244122556104,MANUAL,MANUAL,1.0
13,1.0,ambig,flip,rejected,10,200,0,1,8,4,0.018987644463777542,-0.019197687336456604,MANUAL,MANUAL,1.0
13,1.0,ambig,flip,rejected,10,200,0,1,9,8,0.3793608546257019,0.14470590890455995,MANUAL,MANUAL,1.0
13,1.0,ambig,noflip,chosen,10,200,0,1,0,0,0.988237738609314,-0.024598400212886815,MANUAL,MANUAL,1.0
13,1.0,ambig,noflip,chosen,10,200,0,1,1,1,0.9426752924919128,0.12233972416297759,MANUAL,MANUAL,1.0
13,1.0,ambig,noflip,chosen,10,200,0,1,2,3,0.4573417007923126,-0.023788031075381334,MANUAL,MANUAL,1.0
13,1.0,ambig,noflip,chosen,10,200,0,1,3,9,0.061947718262672424,-0.0416097864445715,MANUAL,MANUAL,1.0
13,1.0,ambig,noflip,chosen,10,200,0,1,4,4,0.7883488535881042,0.0796054914548559,MANUAL,MANUAL,1.0
13,1.0,ambig,noflip,chosen,10,200,0,1,5,5,0.8109430074691772,0.021800332678608404,MANUAL,MANUAL,1.0
13,1.0,ambig,noflip,chosen,10,200,0,1,6,6,0.6360877752304077,0.021724646678381043,MANUAL,MANUAL,1.0
13,1.0,ambig,noflip,chosen,10,200,0,1,7,2,-0.023133056238293648,-0.06696772544816411,MANUAL,MANUAL,1.0
13,1.0,ambig,noflip,chosen,10,200,0,1,8,7,0.5290133357048035,-0.004491879295740391,MANUAL,MANUAL,1.0
13,1.0,ambig,noflip,chosen,10,200,0,1,9,8,0.28534790873527527,-0.03748982285616203,MANUAL,MANUAL,1.0
13,1.0,ambig,noflip,rejected,10,200,0,1,0,0,0.9891903400421143,0.015483661505090677,MANUAL,MANUAL,1.0
13,1.0,ambig,noflip,rejected,10,200,0,1,1,3,0.24192796647548676,0.05566893365876413,MANUAL,MANUAL,1.0
13,1.0,ambig,noflip,rejected,10,200,0,1,2,9,-0.10003071278333664,-0.17471649980297257,MANUAL,MANUAL,1.0
13,1.0,ambig,noflip,rejected,10,200,0,1,3,2,0.7247270941734314,0.04946780528276006,MANUAL,MANUAL,1.0
13,1.0,ambig,noflip,rejected,10,200,0,1,4,5,0.7277474403381348,0.06934182472430551,MANUAL,MANUAL,1.0
13,1.0,ambig,noflip,rejected,10,200,0,1,5,4,0.6311458349227905,0.06617203414320923,MANUAL,MANUAL,1.0
13,1.0,ambig,noflip,rejected,10,200,0,1,6,1,0.17320623993873596,0.1287173439995112,MANUAL,MANUAL,1.0
13,1.0,ambig,noflip,rejected,10,200,0,1,7,6,0.37351733446121216,0.029385592706202925,MANUAL,MANUAL,1.0
13,1.0,ambig,noflip,rejected,10,200,0,1,8,8,0.22434262931346893,0.014250816918805066,MANUAL,MANUAL,1.0
13,1.0,ambig,noflip,rejected,10,200,0,1,9,7,0.09800997376441956,0.024635770340072815,MANUAL,MANUAL,1.0
13,1.0,disambig,flip,chosen,10,200,0,1,0,0,0.9396222233772278,0.09880059701060498,MANUAL,MANUAL,1.0
13,1.0,disambig,flip,chosen,10,200,0,1,1,1,0.9161900281906128,-0.008814299377357952,MANUAL,MANUAL,1.0
13,1.0,disambig,flip,chosen,10,200,0,1,2,3,0.22347474098205566,-0.03075366918756512,MANUAL,MANUAL,1.0
13,1.0,disambig,flip,chosen,10,200,0,1,3,4,0.5312422513961792,0.11896955114303835,MANUAL,MANUAL,1.0
13,1.0,disambig,flip,chosen,10,200,0,1,4,5,0.05608227103948593,-0.059227509759080754,MANUAL,MANUAL,1.0
13,1.0,disambig,flip,chosen,10,200,0,1,5,8,0.09992530941963196,-0.1214605097567235,MANUAL,MANUAL,1.0
13,1.0,disambig,flip,chosen,10,200,0,1,6,2,0.05208096280694008,-0.13627461905150834,MANUAL,MANUAL,1.0
13,1.0,disambig,flip,chosen,10,200,0,1,7,9,0.3551495671272278,0.1071126920123757,MANUAL,MANUAL,1.0
13,1.0,disambig,flip,chosen,10,200,0,1,8,7,0.5035721063613892,-0.05740586678872891,MANUAL,MANUAL,1.0
13,1.0,disambig,flip,chosen,10,200,0,1,9,6,0.21996362507343292,-0.14679306739565484,MANUAL,MANUAL,1.0
13,1.0,disambig,flip,rejected,10,200,0,1,0,0,0.9440292716026306,0.1446785050009355,MANUAL,MANUAL,1.0
13,1.0,disambig,flip,rejected,10,200,0,1,1,1,0.95038241147995,0.019616360717715785,MANUAL,MANUAL,1.0
13,1.0,disambig,flip,rejected,10,200,0,1,2,9,0.16463781893253326,0.08988789973506427,MANUAL,MANUAL,1.0
13,1.0,disambig,flip,rejected,10,200,0,1,3,4,0.5514382123947144,0.16671978083019673,MANUAL,MANUAL,1.0
13,1.0,disambig,flip,rejected,10,200,0,1,4,7,0.07212133705615997,-0.10973199804400928,MANUAL,MANUAL,1.0
13,1.0,disambig,flip,rejected,10,200,0,1,5,6,0.44659772515296936,-0.06109520818523429,MANUAL,MANUAL,1.0
13,1.0,disambig,flip,rejected,10,200,0,1,6,3,0.2904396653175354,0.16289298827314327,MANUAL,MANUAL,1.0
13,1.0,disambig,flip,rejected,10,200,0,1,7,2,-0.0049615949392318726,-0.22653396500466738,MANUAL,MANUAL,1.0
13,1.0,disambig,flip,rejected,10,200,0,1,8,5,0.12098787724971771,0.06486986637947438,MANUAL,MANUAL,1.0
13,1.0,disambig,flip,rejected,10,200,0,1,9,8,0.1243266835808754,-0.05797533689317089,MANUAL,MANUAL,1.0
13,1.0,disambig,noflip,chosen,10,200,0,1,0,0,0.9858099222183228,0.04283810888536591,MANUAL,MANUAL,1.0
13,1.0,disambig,noflip,chosen,10,200,0,1,1,3,-0.010461140424013138,0.01183111324595656,MANUAL,MANUAL,1.0
13,1.0,disambig,noflip,chosen,10,200,0,1,2,2,0.8418487310409546,-0.014807196691084523,MANUAL,MANUAL,1.0
13,1.0,disambig,noflip,chosen,10,200,0,1,3,1,-0.02091583050787449,-0.06288002913654202,MANUAL,MANUAL,1.0
13,1.0,disambig,noflip,chosen,10,200,0,1,4,8,0.4709499478340149,0.005349840541995133,MANUAL,MANUAL,1.0
13,1.0,disambig,noflip,chosen,10,200,0,1,5,4,0.3852981626987457,0.05296418428480097,MANUAL,MANUAL,1.0
13,1.0,disambig,noflip,chosen,10,200,0,1,6,7,0.2558736801147461,0.024805074705501105,MANUAL,MANUAL,1.0
13,1.0,disambig,noflip,chosen,10,200,0,1,7,6,0.33713167905807495,-0.011037842539908216,MANUAL,MANUAL,1.0
13,1.0,disambig,noflip,chosen,10,200,0,1,8,5,0.12645494937896729,0.06227565337607408,MANUAL,MANUAL,1.0
13,1.0,disambig,noflip,chosen,10,200,0,1,9,9,0.26610442996025085,0.0068172863905322885,MANUAL,MANUAL,1.0
13,1.0,disambig,noflip,rejected,10,200,0,1,0,0,0.9860971570014954,-0.010845809360666972,MANUAL,MANUAL,1.0
13,1.0,disambig,noflip,rejected,10,200,0,1,1,5,0.06451447308063507,-0.0648363961589771,MANUAL,MANUAL,1.0
13,1.0,disambig,noflip,rejected,10,200,0,1,2,2,0.8210533857345581,0.0397231678820685,MANUAL,MANUAL,1.0
13,1.0,disambig,noflip,rejected,10,200,0,1,3,3,0.9444574117660522,-0.1278677151737057,MANUAL,MANUAL,1.0
13,1.0,disambig,noflip,rejected,10,200,0,1,4,6,0.46737992763519287,0.12300271571585758,MANUAL,MANUAL,1.0
13,1.0,disambig,noflip,rejected,10,200,0,1,5,4,0.7909523248672485,0.15362267835090732,MANUAL,MANUAL,1.0
13,1.0,disambig,noflip,rejected,10,200,0,1,6,9,0.022335706278681755,-0.008652857719943154,MANUAL,MANUAL,1.0
13,1.0,disambig,noflip,rejected,10,200,0,1,7,7,0.18662631511688232,-0.06063316001389515,MANUAL,MANUAL,1.0
13,1.0,disambig,noflip,rejected,10,200,0,1,8,1,0.10098439455032349,-0.08866529334874221,MANUAL,MANUAL,1.0
13,1.0,disambig,noflip,rejected,10,200,0,1,9,8,0.1632971167564392,0.015691419131216962,MANUAL,MANUAL,1.0
13,2.0,ambig,flip,chosen,10,200,0,1,0,3,0.17591898143291473,0.030222903567948736,MANUAL,MANUAL,1.0
13,2.0,ambig,flip,chosen,10,200,0,1,1,1,0.9282549619674683,0.008122891517523427,MANUAL,MANUAL,1.0
13,2.0,ambig,flip,chosen,10,200,0,1,2,0,0.23090402781963348,-0.003936891434124923,MANUAL,MANUAL,1.0
13,2.0,ambig,flip,chosen,10,200,0,1,3,4,0.3051779866218567,0.0321411000694456,MANUAL,MANUAL,1.0
13,2.0,ambig,flip,chosen,10,200,0,1,4,5,0.8277936577796936,0.05927225635851339,MANUAL,MANUAL,1.0
13,2.0,ambig,flip,chosen,10,200,0,1,5,6,0.1945532113313675,0.09899146398572684,MANUAL,MANUAL,1.0
13,2.0,ambig,flip,chosen,10,200,0,1,6,2,-0.030057454481720924,0.03674698094878304,MANUAL,MANUAL,1.0
13,2.0,ambig,flip,chosen,10,200,0,1,7,7,0.5673606991767883,0.03253993489587145,MANUAL,MANUAL,1.0
13,2.0,ambig,flip,chosen,10,200,0,1,8,9,0.6122154593467712,0.07512098260305117,MANUAL,MANUAL,1.0
13,2.0,ambig,flip,chosen,10,200,0,1,9,8,0.6115753650665283,0.08378662050178946,MANUAL,MANUAL,1.0
13,2.0,ambig,flip,rejected,10,200,0,1,0,0,0.9638046622276306,0.06031657038475346,MANUAL,MANUAL,1.0
13,2.0,ambig,flip,rejected,10,200,0,1,1,1,0.8486791253089905,0.17789373337951447,MANUAL,MANUAL,1.0
13,2.0,ambig,flip,rejected,10,200,0,1,2,2,0.7431400418281555,0.19164980880520238,MANUAL,MANUAL,1.0
13,2.0,ambig,flip,rejected,10,200,0,1,3,4,0.699367105960846,0.11170719320776072,MANUAL,MANUAL,1.0
13,2.0,ambig,flip,rejected,10,200,0,1,4,6,-0.09550309181213379,-0.07701254462663502,MANUAL,MANUAL,1.0
13,2.0,ambig,flip,rejected,10,200,0,1,5,3,0.6553874015808105,0.28308971706800706,MANUAL,MANUAL,1.0
13,2.0,ambig,flip,rejected,10,200,0,1,6,8,0.09121402353048325,0.11081482851484321,MANUAL,MANUAL,1.0
13,2.0,ambig,flip,rejected,10,200,0,1,7,7,0.6750162243843079,-0.035049439375154846,MANUAL,MANUAL,1.0
13,2.0,ambig,flip,rejected,10,200,0,1,8,5,0.04966975003480911,-0.10876963713945205,MANUAL,MANUAL,1.0
13,2.0,ambig,flip,rejected,10,200,0,1,9,9,0.520350992679596,0.102375810071642,MANUAL,MANUAL,1.0
13,2.0,ambig,noflip,chosen,10,200,0,1,0,0,0.9882206916809082,-0.023500247611901358,MANUAL,MANUAL,1.0
13,2.0,ambig,noflip,chosen,10,200,0,1,1,1,0.9400779008865356,0.13058390910997345,MANUAL,MANUAL,1.0
13,2.0,ambig,noflip,chosen,10,200,0,1,2,3,0.5439848303794861,-0.0236298145659302,MANUAL,MANUAL,1.0
13,2.0,ambig,noflip,chosen,10,200,0,1,3,8,-0.014822298660874367,0.014081633296620157,MANUAL,MANUAL,1.0
13,2.0,ambig,noflip,chosen,10,200,0,1,4,4,0.8176357746124268,0.07546455146920401,MANUAL,MANUAL,1.0
13,2.0,ambig,noflip,chosen,10,200,0,1,5,5,0.8175169229507446,0.027314191918918217,MANUAL,MANUAL,1.0
13,2.0,ambig,noflip,chosen,10,200,0,1,6,2,0.07087849825620651,-0.03245036072181431,MANUAL,MANUAL,1.0
13,2.0,ambig,noflip,chosen,10,200,0,1,7,6,0.5695962905883789,0.05303758325549959,MANUAL,MANUAL,1.0
13,2.0,ambig,noflip,chosen,10,200,0,1,8,7,0.541283905506134,0.012704548799061795,MANUAL,MANUAL,1.0
13,2.0,ambig,noflip,chosen,10,200,0,1,9,9,0.29045945405960083,0.06260012004621111,MANUAL,MANUAL,1.0
13,2.0,ambig,noflip,rejected,10,200,0,1,0,0,0.9897670149803162,0.016006891360964347,MANUAL,MANUAL,1.0
13,2.0,ambig,noflip,rejected,10,200,0,1,1,3,0.23985616862773895,0.0037773551071844627,MANUAL,MANUAL,1.0
13,2.0,ambig,noflip,rejected,10,200,0,1,2,4,0.20674583315849304,0.12802632918962462,MANUAL,MANUAL,1.0
13,2.0,ambig,noflip,rejected,10,200,0,1,3,2,0.5760299563407898,0.060850446223558965,MANUAL,MANUAL,1.0
13,2.0,ambig,noflip,rejected,10,200,0,1,4,9,-0.012301119975745678,0.06576612982663269,MANUAL,MANUAL,1.0
13,2.0,ambig,noflip,rejected,10,200,0,1,5,5,0.30386826395988464,0.04654494519358661,MANUAL,MANUAL,1.0
13,2.0,ambig,noflip,rejected,10,200,0,1,6,8,0.5215010643005371,0.2113586225190697,MANUAL,MANUAL,1.0
13,2.0,ambig,noflip,rejected,10,200,0,1,7,7,0.33225351572036743,-0.07345361410526409,MANUAL,MANUAL,1.0
13,2.0,ambig,noflip,rejected,10,200,0,1,8,6,0.4028368592262268,0.029556406205801803,MANUAL,MANUAL,1.0
13,2.0,ambig,noflip,rejected,10,200,0,1,9,1,0.04661494120955467,0.02433344153121984,MANUAL,MANUAL,1.0
13,2.0,disambig,flip,chosen,10,200,0,1,0,0,0.946031391620636,0.08377080406251755,MANUAL,MANUAL,1.0
13,2.0,disambig,flip,chosen,10,200,0,1,1,1,0.9135788679122925,-0.005908973415344528,MANUAL,MANUAL,1.0
13,2.0,disambig,flip,chosen,10,200,0,1,2,8,-0.17562387883663177,-0.12097933079834469,MANUAL,MANUAL,1.0
13,2.0,disambig,flip,chosen,10,200,0,1,3,3,0.8540174961090088,0.2152646722584627,MANUAL,MANUAL,1.0
13,2.0,disambig,flip,chosen,10,200,0,1,4,4,0.8603249192237854,0.3002568600853498,MANUAL,MANUAL,1.0
13,2.0,disambig,flip,chosen,10,200,0,1,5,5,0.8762794733047485,0.18436501223188376,MANUAL,MANUAL,1.0
13,2.0,disambig,flip,chosen,10,200,0,1,6,6,0.6581483483314514,0.12858368209356333,MANUAL,MANUAL,1.0
13,2.0,disambig,flip,chosen,10,200,0,1,7,9,0.3654339909553528,0.09140001768480599,MANUAL,MANUAL,1.0
13,2.0,disambig,flip,chosen,10,200,0,1,8,7,0.46153783798217773,-0.056812194912057586,MANUAL,MANUAL,1.0
13,2.0,disambig,flip,chosen,10,200,0,1,9,2,0.04094040393829346,-0.17248639664822915,MANUAL,MANUAL,1.0
13,2.0,disambig,flip,rejected,10,200,0,1,0,0,0.9591724276542664,0.12805692591899193,MANUAL,MANUAL,1.0
13,2.0,disambig,flip,rejected,10,200,0,1,1,1,0.9601820111274719,-0.0009985373243605307,MANUAL,MANUAL,1.0
13,2.0,disambig,flip,rejected,10,200,0,1,2,4,0.37109723687171936,0.06301275295070081,MANUAL,MANUAL,1.0
13,2.0,disambig,flip,rejected,10,200,0,1,3,2,0.6715320944786072,0.1764907626520898,MANUAL,MANUAL,1.0
13,2.0,disambig,flip,rejected,10,200,0,1,4,9,-0.0367107018828392,0.026427418138383785,MANUAL,MANUAL,1.0
13,2.0,disambig,flip,rejected,10,200,0,1,5,5,0.3957997262477875,0.02708962435041791,MANUAL,MANUAL,1.0
13,2.0,disambig,flip,rejected,10,200,0,1,6,3,0.2149498015642166,0.12371921841547698,MANUAL,MANUAL,1.0
13,2.0,disambig,flip,rejected,10,200,0,1,7,8,0.12898187339305878,0.031268376845032815,MANUAL,MANUAL,1.0
13,2.0,disambig,flip,rejected,10,200,0,1,8,6,0.4546046257019043,0.04488211183691631,MANUAL,MANUAL,1.0
13,2.0,disambig,flip,rejected,10,200,0,1,9,7,0.5925213694572449,-0.017012317318325466,MANUAL,MANUAL,1.0
13,2.0,disambig,noflip,chosen,10,200,0,1,0,0,0.9878286123275757,0.04116975418618813,MANUAL,MANUAL,1.0
13,2.0,disambig,noflip,chosen,10,200,0,1,1,4,0.039041537791490555,-0.011933859334095187,MANUAL,MANUAL,1.0
13,2.0,disambig,noflip,chosen,10,200,0,1,2,2,0.8412117958068848,0.011207410069963529,MANUAL,MANUAL,1.0
13,2.0,disambig,noflip,chosen,10,200,0,1,3,1,0.05655795708298683,-0.06623698899160417,MANUAL,MANUAL,1.0
13,2.0,disambig,noflip,chosen,10,200,0,1,4,6,0.46231701970100403,0.0684871028676013,MANUAL,MANUAL,1.0
13,2.0,disambig,noflip,chosen,10,200,0,1,5,9,0.4760085940361023,0.024996467574320377,MANUAL,MANUAL,1.0
13,2.0,disambig,noflip,chosen,10,200,0,1,6,5,0.6987503170967102,-0.016148264402744483,MANUAL,MANUAL,1.0
13,2.0,disambig,noflip,chosen,10,200,0,1,7,3,0.09269130975008011,0.17461044924596428,MANUAL,MANUAL,1.0
13,2.0,disambig,noflip,chosen,10,200,0,1,8,8,0.41757723689079285,0.007240244659220023,MANUAL,MANUAL,1.0
13,2.0,disambig,noflip,chosen,10,200,0,1,9,7,0.13292285799980164,0.08841852013656089,MANUAL,MANUAL,1.0
13,2.0,disambig,noflip,rejected,10,200,0,1,0,0,0.9878510236740112,-0.008229949263832437,MANUAL,MANUAL,1.0
13,2.0,disambig,noflip,rejected,10,200,0,1,1,3,0.1106782853603363,0.018935636498879332,MANUAL,MANUAL,1.0
13,2.0,disambig,noflip,rejected,10,200,0,1,2,1,0.08920706808567047,-0.06791042248964545,MANUAL,MANUAL,1.0
13,2.0,disambig,noflip,rejected,10,200,0,1,3,2,0.627783477306366,0.06285198681371637,MANUAL,MANUAL,1.0
13,2.0,disambig,noflip,rejected,10,200,0,1,4,4,0.3331688940525055,0.08470110210907691,MANUAL,MANUAL,1.0
13,2.0,disambig,noflip,rejected,10,200,0,1,5,7,0.34771066904067993,0.15424292572545922,MANUAL,MANUAL,1.0
13,2.0,disambig,noflip,rejected,10,200,0,1,6,6,0.46313872933387756,0.06099281889533295,MANUAL,MANUAL,1.0
13,2.0,disambig,noflip,rejected,10,200,0,1,7,8,0.32109880447387695,0.1224663718280269,MANUAL,MANUAL,1.0
13,2.0,disambig,noflip,rejected,10,200,0,1,8,5,0.4221636950969696,-0.013270770387965813,MANUAL,MANUAL,1.0
13,2.0,disambig,noflip,rejected,10,200,0,1,9,9,0.19762051105499268,-0.035315443577009054,MANUAL,MANUAL,1.0
13,2.8,ambig,flip,chosen,10,200,0,1,0,3,0.17231114208698273,0.023864451379410744,MANUAL,MANUAL,1.0
13,2.8,ambig,flip,chosen,10,200,0,1,1,1,0.9273784756660461,0.013870245870704592,MANUAL,MANUAL,1.0
13,2.8,ambig,flip,chosen,10,200,0,1,2,0,0.22138701379299164,0.00691736305025161,MANUAL,MANUAL,1.0
13,2.8,ambig,flip,chosen,10,200,0,1,3,4,0.28296756744384766,0.04454900455720765,MANUAL,MANUAL,1.0
13,2.8,ambig,flip,chosen,10,200,0,1,4,5,0.8136146664619446,0.06072727310537224,MANUAL,MANUAL,1.0
13,2.8,ambig,flip,chosen,10,200,0,1,5,9,-0.023084279149770737,-0.05234129392445633,MANUAL,MANUAL,1.0
13,2.8,ambig,flip,chosen,10,200,0,1,6,6,0.6721851825714111,0.03801119457442537,MANUAL,MANUAL,1.0
13,2.8,ambig,flip,chosen,10,200,0,1,7,7,0.5586427450180054,-0.002898120918675748,MANUAL,MANUAL,1.0
13,2.8,ambig,flip,chosen,10,200,0,1,8,8,0.337880402803421,0.07255977982974927,MANUAL,MANUAL,1.0
13,2.8,ambig,flip,chosen,10,200,0,1,9,2,-0.06895329803228378,-0.054709929382846426,MANUAL,MANUAL,1.0
13,2.8,ambig,flip,rejected,10,200,0,1,0,0,0.9649257659912109,0.041646354110029205,MANUAL,MANUAL,1.0
13,2.8,ambig,flip,rejected,10,200,0,1,1,9,-0.013219943270087242,-0.0757938011790428,MANUAL,MANUAL,1.0
13,2.8,ambig,flip,rejected,10,200,0,1,2,2,0.7510780692100525,0.20103668089231497,MANUAL,MANUAL,1.0
13,2.8,ambig,flip,rejected,10,200,0,1,3,1,0.13608649373054504,-0.028640393650572353,MANUAL,MANUAL,1.0
13,2.8,ambig,flip,rejected,10,200,0,1,4,5,0.65492844581604,0.2854970137529708,MANUAL,MANUAL,1.0
13,2.8,ambig,flip,rejected,10,200,0,1,5,3,0.6846787929534912,0.24358956475018065,MANUAL,MANUAL,1.0
13,2.8,ambig,flip,rejected,10,200,0,1,6,6,0.6452968120574951,0.026467580000013334,MANUAL,MANUAL,1.0
13,2.8,ambig,flip,rejected,10,200,0,1,7,7,0.7898481488227844,-0.018473109374445004,MANUAL,MANUAL,1.0
13,2.8,ambig,flip,rejected,10,200,0,1,8,4,-0.06919396668672562,0.03301728965565177,MANUAL,MANUAL,1.0
13,2.8,ambig,flip,rejected,10,200,0,1,9,8,0.09956817328929901,0.026903076713042692,MANUAL,MANUAL,1.0
13,2.8,ambig,noflip,chosen,10,200,0,1,0,0,0.9884030818939209,-0.021577771657439675,MANUAL,MANUAL,1.0
13,2.8,ambig,noflip,chosen,10,200,0,1,1,1,0.9383925795555115,0.1335449131443006,MANUAL,MANUAL,1.0
13,2.8,ambig,noflip,chosen,10,200,0,1,2,3,0.5430465936660767,-0.01927876817886939,MANUAL,MANUAL,1.0
13,2.8,ambig,noflip,chosen,10,200,0,1,3,8,0.00779467960819602,-0.00017469940536801054,MANUAL,MANUAL,1.0
13,2.8,ambig,noflip,chosen,10,200,0,1,4,4,0.8165556788444519,0.0782644260779115,MANUAL,MANUAL,1.0
13,2.8,ambig,noflip,chosen,10,200,0,1,5,5,0.8187931180000305,0.027271220592286493,MANUAL,MANUAL,1.0
13,2.8,ambig,noflip,chosen,10,200,0,1,6,7,0.5492061972618103,-0.0069966148680584645,MANUAL,MANUAL,1.0
13,2.8,ambig,noflip,chosen,10,200,0,1,7,6,0.6576609015464783,0.05266336000856999,MANUAL,MANUAL,1.0
13,2.8,ambig,noflip,chosen,10,200,0,1,8,2,-0.0005377565394155681,0.06900778795237687,MANUAL,MANUAL,1.0
13,2.8,ambig,noflip,chosen,10,200,0,1,9,9,0.34413665533065796,0.023012181578862062,MANUAL,MANUAL,1.0
13,2.8,ambig,noflip,rejected,10,200,0,1,0,0,0.9898103475570679,0.015894966410373964,MANUAL,MANUAL,1.0
13,2.8,ambig,noflip,rejected,10,200,0,1,1,9,0.09157931059598923,0.17304445944331354,MANUAL,MANUAL,1.0
13,2.8,ambig,noflip,rejected,10,200,0,1,2,3,0.4547651410102844,0.008949129827518106,MANUAL,MANUAL,1.0
13,2.8,ambig,noflip,rejected,10,200,0,1,3,2,0.491933673620224,0.08568216304875899,MANUAL,MANUAL,1.0
13,2.8,ambig,noflip,rejected,10,200,0,1,4,4,0.34192755818367004,0.14925252354851745,MANUAL,MANUAL,1.0
13,2.8,ambig,noflip,rejected,10,200,0,1,5,5,0.32122471928596497,0.04891140508415443,MANUAL,MANUAL,1.0
13,2.8,ambig,noflip,rejected,10,200,0,1,6,8,0.5365679860115051,0.20676738628830763,MANUAL,MANUAL,1.0
13,2.8,ambig,noflip,rejected,10,200,0,1,7,7,0.4033314883708954,-0.06500892681374197,MANUAL,MANUAL,1.0
13,2.8,ambig,noflip,rejected,10,200,0,1,8,6,0.5105888247489929,0.015127579755820669,MANUAL,MANUAL,1.0
13,2.8,ambig,noflip,rejected,10,200,0,1,9,1,0.050829462707042694,0.054360351381882256,MANUAL,MANUAL,1.0
13,2.8,disambig,flip,chosen,10,200,0,1,0,0,0.947118878364563,0.07006214641240371,MANUAL,MANUAL,1.0
13,2.8,disambig,flip,chosen,10,200,0,1,1,1,0.911954402923584,-0.010197171470641303,MANUAL,MANUAL,1.0
13,2.8,disambig,flip,chosen,10,200,0,1,2,2,0.7979960441589355,0.23825704283388338,MANUAL,MANUAL,1.0
13,2.8,disambig,flip,chosen,10,200,0,1,3,3,0.8015608191490173,0.1753229940752512,MANUAL,MANUAL,1.0
13,2.8,disambig,flip,chosen,10,200,0,1,4,4,0.7987524271011353,0.3176596068472489,MANUAL,MANUAL,1.0
13,2.8,disambig,flip,chosen,10,200,0,1,5,5,0.8375951647758484,0.2049343137994511,MANUAL,MANUAL,1.0
13,2.8,disambig,flip,chosen,10,200,0,1,6,6,0.6856858730316162,0.13664087321843613,MANUAL,MANUAL,1.0
13,2.8,disambig,flip,chosen,10,200,0,1,7,8,0.644335150718689,0.04538541202816306,MANUAL,MANUAL,1.0
13,2.8,disambig,flip,chosen,10,200,0,1,8,9,0.11980275064706802,-0.08446116008143041,MANUAL,MANUAL,1.0
13,2.8,disambig,flip,chosen,10,200,0,1,9,7,0.05635836720466614,0.02649734353106608,MANUAL,MANUAL,1.0
13,2.8,disambig,flip,rejected,10,200,0,1,0,0,0.9594190716743469,0.10686897463289548,MANUAL,MANUAL,1.0
13,2.8,disambig,flip,rejected,10,200,0,1,1,1,0.9619705677032471,-0.007778263243674101,MANUAL,MANUAL,1.0
13,2.8,disambig,flip,rejected,10,200,0,1,2,9,0.1553455889225006,-0.017354880004347366,MANUAL,MANUAL,1.0
13,2.8,disambig,flip,rejected,10,200,0,1,3,4,0.05771423503756523,0.013864427314603002,MANUAL,MANUAL,1.0
13,2.8,disambig,flip,rejected,10,200,0,1,4,3,0.04058728739619255,0.02517605913328891,MANUAL,MANUAL,1.0
13,2.8,disambig,flip,rejected,10,200,0,1,5,5,0.61868816614151,0.17506688544942706,MANUAL,MANUAL,1.0
13,2.8,disambig,flip,rejected,10,200,0,1,6,6,0.48448118567466736,0.10413715124200484,MANUAL,MANUAL,1.0
13,2.8,disambig,flip,rejected,10,200,0,1,7,8,0.30623260140419006,-0.014267407186662523,MANUAL,MANUAL,1.0
13,2.8,disambig,flip,rejected,10,200,0,1,8,7,0.41094136238098145,0.14356344571933133,MANUAL,MANUAL,1.0
13,2.8,disambig,flip,rejected,10,200,0,1,9,2,0.16170550882816315,-0.0009625577761093111,MANUAL,MANUAL,1.0
13,2.8,disambig,noflip,chosen,10,200,0,1,0,0,0.991191565990448,0.04141310000112048,MANUAL,MANUAL,1.0
13,2.8,disambig,noflip,chosen,10,200,0,1,1,8,-0.032616835087537766,-0.11060096592441493,MANUAL,MANUAL,1.0
13,2.8,disambig,noflip,chosen,10,200,0,1,2,3,0.9306259155273438,-0.0680261719286648,MANUAL,MANUAL,1.0
13,2.8,disambig,noflip,chosen,10,200,0,1,3,2,0.8222469687461853,-0.01191784828131189,MANUAL,MANUAL,1.0
13,2.8,disambig,noflip,chosen,10,200,0,1,4,1,-0.04525447636842728,-0.018179340007800263,MANUAL,MANUAL,1.0
13,2.8,disambig,noflip,chosen,10,200,0,1,5,9,0.571868896484375,0.0415317483888437,MANUAL,MANUAL,1.0
13,2.8,disambig,noflip,chosen,10,200,0,1,6,6,0.29859569668769836,0.10882755388106323,MANUAL,MANUAL,1.0
13,2.8,disambig,noflip,chosen,10,200,0,1,7,7,0.2811814248561859,0.09849985160579096,MANUAL,MANUAL,1.0
13,2.8,disambig,noflip,chosen,10,200,0,1,8,4,0.20318621397018433,-0.029334078814640945,MANUAL,MANUAL,1.0
13,2.8,disambig,noflip,chosen,10,200,0,1,9,5,0.2700809836387634,-0.07967620852605037,MANUAL,MANUAL,1.0
13,2.8,disambig,noflip,rejected,10,200,0,1,0,0,0.9909772276878357,-0.004515684251347284,MANUAL,MANUAL,1.0
13,2.8,disambig,noflip,rejected,10,200,0,1,1,3,0.05166632682085037,0.016696994877139888,MANUAL,MANUAL,1.0
13,2.8,disambig,noflip,rejected,10,200,0,1,2,1,0.26403024792671204,0.03529906218546016,MANUAL,MANUAL,1.0
13,2.8,disambig,noflip,rejected,10,200,0,1,3,2,0.4592169523239136,0.11619098153986536,MANUAL,MANUAL,1.0
13,2.8,disambig,noflip,rejected,10,200,0,1,4,9,0.2508421242237091,-0.04126787122747957,MANUAL,MANUAL,1.0
13,2.8,disambig,noflip,rejected,10,200,0,1,5,6,0.49987107515335083,0.1653753871042371,MANUAL,MANUAL,1.0
13,2.8,disambig,noflip,rejected,10,200,0,1,6,5,0.5117406845092773,0.162125943539968,MANUAL,MANUAL,1.0
13,2.8,disambig,noflip,rejected,10,200,0,1,7,8,0.3332406282424927,0.09176771782370899,MANUAL,MANUAL,1.0
13,2.8,disambig,noflip,rejected,10,200,0,1,8,7,-0.02255658246576786,-0.010063321461680964,MANUAL,MANUAL,1.0
13,2.8,disambig,noflip,rejected,10,200,0,1,9,4,0.04625396057963371,0.07611595280056549,MANUAL,MANUAL,1.0
1,1.0,ambig,flip,chosen,10,200,0,1,0,0,0.9872392416000366,-0.043143861243021095,MANUAL,MANUAL,1.0
1,1.0,ambig,flip,chosen,10,200,0,1,1,5,0.12714511156082153,-0.051289991623312575,MANUAL,MANUAL,1.0
1,1.0,ambig,flip,chosen,10,200,0,1,2,3,0.31899333000183105,0.02415703417438021,MANUAL,MANUAL,1.0
1,1.0,ambig,flip,chosen,10,200,0,1,3,2,0.24929890036582947,-0.12765421532018986,MANUAL,MANUAL,1.0
1,1.0,ambig,flip,chosen,10,200,0,1,4,1,-0.0023185727186501026,-0.03136533176288798,MANUAL,MANUAL,1.0
1,1.0,ambig,flip,chosen,10,200,0,1,5,9,0.31181806325912476,-0.00561608418589193,MANUAL,MANUAL,1.0
1,1.0,ambig,flip,chosen,10,200,0,1,6,7,0.15131184458732605,0.008078806423783235,MANUAL,MANUAL,1.0
1,1.0,ambig,flip,chosen,10,200,0,1,7,4,0.2663891613483429,-0.01871418171372279,MANUAL,MANUAL,1.0
1,1.0,ambig,flip,chosen,10,200,0,1,8,6,0.5030943751335144,0.11311766810226931,MANUAL,MANUAL,1.0
1,1.0,ambig,flip,chosen,10,200,0,1,9,8,0.3101575970649719,0.03990057557124139,MANUAL,MANUAL,1.0
1,1.0,ambig,flip,rejected,10,200,0,1,0,0,0.9708573818206787,0.0390042798382134,MANUAL,MANUAL,1.0
1,1.0,ambig,flip,rejected,10,200,0,1,1,3,0.12857691943645477,0.07811681327246342,MANUAL,MANUAL,1.0
1,1.0,ambig,flip,rejected,10,200,0,1,2,2,0.9303491711616516,0.32675180587408764,MANUAL,MANUAL,1.0
1,1.0,ambig,flip,rejected,10,200,0,1,3,8,0.0807003527879715,0.17175105408924202,MANUAL,MANUAL,1.0
1,1.0,ambig,flip,rejected,10,200,0,1,4,4,0.8028265237808228,0.33821409284479304,MANUAL,MANUAL,1.0
1,1.0,ambig,flip,rejected,10,200,0,1,5,9,0.1640976369380951,-0.0076372341991106105,MANUAL,MANUAL,1.0
1,1.0,ambig,flip,rejected,10,200,0,1,6,6,0.38632217049598694,0.07826169566208362,MANUAL,MANUAL,1.0
1,1.0,ambig,flip,rejected,10,200,0,1,7,7,0.39785242080688477,0.06852777527758101,MANUAL,MANUAL,1.0
1,1.0,ambig,flip,rejected,10,200,0,1,8,5,0.401632159948349,0.1458570854687019,MANUAL,MANUAL,1.0
1,1.0,ambig,flip,rejected,10,200,0,1,9,1,-0.036479707807302475,0.006391698487759369,MANUAL,MANUAL,1.0
1,1.0,ambig,noflip,chosen,10,200,0,1,0,0,0.9920943379402161,-0.03962249642536664,MANUAL,MANUAL,1.0
1,1.0,ambig,noflip,chosen,10,200,0,1,1,1,0.7427048683166504,0.045116920772428945,MANUAL,MANUAL,1.0
1,1.0,ambig,noflip,chosen,10,200,0,1,2,2,0.6616187691688538,0.03138859734220208,MANUAL,MANUAL,1.0
1,1.0,ambig,noflip,chosen,10,200,0,1,3,3,0.7334284782409668,-0.011683252533513695,MANUAL,MANUAL,1.0
1,1.0,ambig,noflip,chosen,10,200,0,1,4,4,0.7540637254714966,0.024346074935758064,MANUAL,MANUAL,1.0
1,1.0,ambig,noflip,chosen,10,200,0,1,5,8,0.07386727631092072,-0.0422390533806634,MANUAL,MANUAL,1.0
1,1.0,ambig,noflip,chosen,10,200,0,1,6,6,0.5191013216972351,0.07225859427551941,MANUAL,MANUAL,1.0
1,1.0,ambig,noflip,chosen,10,200,0,1,7,9,0.19148606061935425,0.03417542552294818,MANUAL,MANUAL,1.0
1,1.0,ambig,noflip,chosen,10,200,0,1,8,5,0.25020068883895874,0.002825028529948339,MANUAL,MANUAL,1.0
1,1.0,ambig,noflip,chosen,10,200,0,1,9,7,0.5755239129066467,0.12509238572716772,MANUAL,MANUAL,1.0
1,1.0,ambig,noflip,rejected,10,200,0,1,0,0,0.9890578389167786,0.04072829305581103,MANUAL,MANUAL,1.0
1,1.0,ambig,noflip,rejected,10,200,0,1,1,9,-0.0068862829357385635,-0.022170405972258517,MANUAL,MANUAL,1.0
1,1.0,ambig,noflip,rejected,10,200,0,1,2,1,0.17904731631278992,-0.00908111525263101,MANUAL,MANUAL,1.0
1,1.0,ambig,noflip,rejected,10,200,0,1,3,3,0.6695683598518372,0.10599192106264509,MANUAL,MANUAL,1.0
1,1.0,ambig,noflip,rejected,10,200,0,1,4,7,0.006218402646481991,-0.0964790343227882,MANUAL,MANUAL,1.0
1,1.0,ambig,noflip,rejected,10,200,0,1,5,4,0.7762790322303772,0.21325453166930836,MANUAL,MANUAL,1.0
1,1.0,ambig,noflip,rejected,10,200,0,1,6,5,0.4980131983757019,0.03778771859387594,MANUAL,MANUAL,1.0
1,1.0,ambig,noflip,rejected,10,200,0,1,7,2,0.12818512320518494,-0.005807058993532212,MANUAL,MANUAL,1.0
1,1.0,ambig,noflip,rejected,10,200,0,1,8,8,0.4590665400028229,0.03201161022203352,MANUAL,MANUAL,1.0
1,1.0,ambig,noflip,rejected,10,200,0,1,9,6,0.13275648653507233,0.10086667323638678,MANUAL,MANUAL,1.0
1,1.0,disambig,flip,chosen,10,200,0,1,0,0,0.9897351861000061,0.01584780641359534,MANUAL,MANUAL,1.0
1,1.0,disambig,flip,chosen,10,200,0,1,1,2,0.5283327698707581,-0.01795864267109619,MANUAL,MANUAL,1.0
1,1.0,disambig,flip,chosen,10,200,0,1,2,1,0.6180797219276428,0.13695606143943734,MANUAL,MANUAL,1.0
1,1.0,disambig,flip,chosen,10,200,0,1,3,3,0.5666458606719971,0.06911503501058594,MANUAL,MANUAL,1.0
1,1.0,disambig,flip,chosen,10,200,0,1,4,8,0.11144798994064331,0.08689676840677449,MANUAL,MANUAL,1.0
1,1.0,disambig,flip,chosen,10,200,0,1,5,5,0.7030897736549377,0.2513527955612343,MANUAL,MANUAL,1.0
1,1.0,disambig,flip,chosen,10,200,0,1,6,6,0.5802083611488342,0.17931094044044507,MANUAL,MANUAL,1.0
1,1.0,disambig,flip,chosen,10,200,0,1,7,7,0.2881382405757904,-0.11794082177660006,MANUAL,MANUAL,1.0
1,1.0,disambig,flip,chosen,10,200,0,1,8,9,0.3982532322406769,0.09382852006496954,MANUAL,MANUAL,1.0
1,1.0,disambig,flip,chosen,10,200,0,1,9,4,0.14298275113105774,0.07043148465622844,MANUAL,MANUAL,1.0
1,1.0,disambig,flip,rejected,10,200,0,1,0,0,0.984645664691925,0.011076183261993684,MANUAL,MANUAL,1.0
1,1.0,disambig,flip,rejected,10,200,0,1,1,8,-0.003878756193444133,-0.05642334128876879,MANUAL,MANUAL,1.0
1,1.0,disambig,flip,rejected,10,200,0,1,2,1,0.05364600941538811,-0.061956934458548364,MANUAL,MANUAL,1.0
1,1.0,disambig,flip,rejected,10,200,0,1,3,4,0.7797426581382751,0.18790351044912462,MANUAL,MANUAL,1.0
1,1.0,disambig,flip,rejected,10,200,0,1,4,5,0.678570568561554,0.11868601822327943,MANUAL,MANUAL,1.0
1,1.0,disambig,flip,rejected,10,200,0,1,5,9,0.19929012656211853,-0.0668189726590911,MANUAL,MANUAL,1.0
1,1.0,disambig,flip,rejected,10,200,0,1,6,7,0.45090365409851074,0.06919734183960784,MANUAL,MANUAL,1.0
1,1.0,disambig,flip,rejected,10,200,0,1,7,3,0.28655824065208435,-0.013073510478740958,MANUAL,MANUAL,1.0
1,1.0,disambig,flip,rejected,10,200,0,1,8,2,0.22209715843200684,0.1339519122354476,MANUAL,MANUAL,1.0
1,1.0,disambig,flip,rejected,10,200,0,1,9,6,0.432564377784729,0.05257805604797264,MANUAL,MANUAL,1.0
1,1.0,disambig,noflip,chosen,10,200,0,1,0,0,0.9875524640083313,0.02481982270439969,MANUAL,MANUAL,1.0
1,1.0,disambig,noflip,chosen,10,200,0,1,1,2,0.7792872786521912,-0.10867437664505324,MANUAL,MANUAL,1.0
1,1.0,disambig,noflip,chosen,10,200,0,1,2,5,-0.14323046803474426,0.08188135699670349,MANUAL,MANUAL,1.0
1,1.0,disambig,noflip,chosen,10,200,0,1,3,3,0.6788825988769531,0.19659686917182684,MANUAL,MANUAL,1.0
1,1.0,disambig,noflip,chosen,10,200,0,1,4,1,0.37558650970458984,0.018217917643402,MANUAL,MANUAL,1.0
1,1.0,disambig,noflip,chosen,10,200,0,1,5,6,0.6324363946914673,0.1611859588136184,MANUAL,MANUAL,1.0
1,1.0,disambig,noflip,chosen,10,200,0,1,6,4,0.30544236302375793,0.07242559087987509,MANUAL,MANUAL,1.0
1,1.0,disambig,noflip,chosen,10,200,0,1,7,7,0.2245894968509674,0.1293933828506166,MANUAL,MANUAL,1.0
1,1.0,disambig,noflip,chosen,10,200,0,1,8,8,0.535843014717102,-0.0205739413537215,MANUAL,MANUAL,1.0
1,1.0,disambig,noflip,chosen,10,200,0,1,9,9,0.5560867190361023,-0.051574852997405704,MANUAL,MANUAL,1.0
1,1.0,disambig,noflip,rejected,10,200,0,1,0,0,0.9911658763885498,0.011614891437198904,MANUAL,MANUAL,1.0
1,1.0,disambig,noflip,rejected,10,200,0,1,1,9,-0.04810424894094467,0.03792121872261363,MANUAL,MANUAL,1.0
1,1.0,disambig,noflip,rejected,10,200,0,1,2,2,0.8103508353233337,-0.03268220396345379,MANUAL,MANUAL,1.0
1,1.0,disambig,noflip,rejected,10,200,0,1,3,4,0.5865889191627502,0.018775305369452506,MANUAL,MANUAL,1.0
1,1.0,disambig,noflip,rejected,10,200,0,1,4,3,0.6190798878669739,0.12868076950866375,MANUAL,MANUAL,1.0
1,1.0,disambig,noflip,rejected,10,200,0,1,5,5,0.6750013828277588,0.24775725979614044,MANUAL,MANUAL,1.0
1,1.0,disambig,noflip,rejected,10,200,0,1,6,1,0.024349985644221306,-0.061767159244201265,MANUAL,MANUAL,1.0
1,1.0,disambig,noflip,rejected,10,200,0,1,7,7,-0.004622151609510183,-0.02199562859819287,MANUAL,MANUAL,1.0
1,1.0,disambig,noflip,rejected,10,200,0,1,8,8,0.1599537581205368,-0.033077528130572104,MANUAL,MANUAL,1.0
1,1.0,disambig,noflip,rejected,10,200,0,1,9,6,0.3878234624862671,-0.01706995622706267,MANUAL,MANUAL,1.0
1,2.0,ambig,flip,chosen,10,200,0,1,0,0,0.9856206774711609,-0.05096873506336143,MANUAL,MANUAL,1.0
1,2.0,ambig,flip,chosen,10,200,0,1,1,1,0.9721788167953491,0.09521919515811765,MANUAL,MANUAL,1.0
1,2.0,ambig,flip,chosen,10,200,0,1,2,2,0.9408878087997437,0.05092237415987987,MANUAL,MANUAL,1.0
1,2.0,ambig,flip,chosen,10,200,0,1,3,4,-0.056405168026685715,-0.0611087454822062,MANUAL,MANUAL,1.0
1,2.0,ambig,flip,chosen,10,200,0,1,4,9,0.20648816227912903,0.15739011415850657,MANUAL,MANUAL,1.0
1,2.0,ambig,flip,chosen,10,200,0,1,5,6,0.5622290968894958,0.005321159415341613,MANUAL,MANUAL,1.0
1,2.0,ambig,flip,chosen,10,200,0,1,6,3,0.017602963373064995,-0.0994627406248702,MANUAL,MANUAL,1.0
1,2.0,ambig,flip,chosen,10,200,0,1,7,7,0.32822859287261963,0.013184773490147373,MANUAL,MANUAL,1.0
1,2.0,ambig,flip,chosen,10,200,0,1,8,8,0.26188215613365173,0.06909494701372915,MANUAL,MANUAL,1.0
1,2.0,ambig,flip,chosen,10,200,0,1,9,5,0.10244036465883255,0.04184404162624547,MANUAL,MANUAL,1.0
1,2.0,ambig,flip,rejected,10,200,0,1,0,0,0.9731461405754089,0.011095951004717197,MANUAL,MANUAL,1.0
1,2.0,ambig,flip,rejected,10,200,0,1,1,2,0.6916317939758301,0.09603896987369345,MANUAL,MANUAL,1.0
1,2.0,ambig,flip,rejected,10,200,0,1,2,1,0.6512373685836792,0.06316598020232664,MANUAL,MANUAL,1.0
1,2.0,ambig,flip,rejected,10,200,0,1,3,3,0.7301029562950134,0.17048253472123578,MANUAL,MANUAL,1.0
1,2.0,ambig,flip,rejected,10,200,0,1,4,6,0.39615899324417114,0.011008289489263951,MANUAL,MANUAL,1.0
1,2.0,ambig,flip,rejected,10,200,0,1,5,5,0.5901772975921631,0.18080727747796202,MANUAL,MANUAL,1.0
1,2.0,ambig,flip,rejected,10,200,0,1,6,4,0.5181336402893066,0.2707159734395706,MANUAL,MANUAL,1.0
1,2.0,ambig,flip,rejected,10,200,0,1,7,7,0.6515373587608337,0.1096655732548129,MANUAL,MANUAL,1.0
1,2.0,ambig,flip,rejected,10,200,0,1,8,9,0.030534762889146805,-0.017643699585711176,MANUAL,MANUAL,1.0
1,2.0,ambig,flip,rejected,10,200,0,1,9,8,-0.09339386224746704,-0.07636954296782648,MANUAL,MANUAL,1.0
1,2.0,ambig,noflip,chosen,10,200,0,1,0,0,0.9918860197067261,-0.041345343238154926,MANUAL,MANUAL,1.0
1,2.0,ambig,noflip,chosen,10,200,0,1,1,2,0.8138716816902161,0.01852168181412893,MANUAL,MANUAL,1.0
1,2.0,ambig,noflip,chosen,10,200,0,1,2,8,-0.018753115087747574,0.09482623941988395,MANUAL,MANUAL,1.0
1,2.0,ambig,noflip,chosen,10,200,0,1,3,3,0.8035560846328735,0.01995942465867083,MANUAL,MANUAL,1.0
1,2.0,ambig,noflip,chosen,10,200,0,1,4,5,0.4449741840362549,0.22900304796860713,MANUAL,MANUAL,1.0
1,2.0,ambig,noflip,chosen,10,200,0,1,5,4,0.5333549380302429,0.028363570574814298,MANUAL,MANUAL,1.0
1,2.0,ambig,noflip,chosen,10,200,0,1,6,7,0.7106679677963257,0.04704483111378583,MANUAL,MANUAL,1.0
1,2.0,ambig,noflip,chosen,10,200,0,1,7,1,0.016468456014990807,-0.01912712170930286,MANUAL,MANUAL,1.0
1,2.0,ambig,noflip,chosen,10,200,0,1,8,6,0.506191611289978,0.03462598899165328,MANUAL,MANUAL,1.0
1,2.0,ambig,noflip,chosen,10,200,0,1,9,9,0.03314932435750961,-0.007280984754523648,MANUAL,MANUAL,1.0
1,2.0,ambig,noflip,rejected,10,200,0,1,0,0,0.9864636063575745,0.0051106417688249785,MANUAL,MANUAL,1.0
1,2.0,ambig,noflip,rejected,10,200,0,1,1,1,0.9449814558029175,0.15425186605268768,MANUAL,MANUAL,1.0
1,2.0,ambig,noflip,rejected,10,200,0,1,2,2,0.44887781143188477,0.0005825059038372496,MANUAL,MANUAL,1.0
1,2.0,ambig,noflip,rejected,10,200,0,1,3,3,0.477669358253479,0.002372328152417304,MANUAL,MANUAL,1.0
1,2.0,ambig,noflip,rejected,10,200,0,1,4,9,0.10214227437973022,-0.10191448943295314,MANUAL,MANUAL,1.0
1,2.0,ambig,noflip,rejected,10,200,0,1,5,5,0.17781932651996613,0.1371186887101529,MANUAL,MANUAL,1.0
1,2.0,ambig,noflip,rejected,10,200,0,1,6,4,0.15084540843963623,-0.007634515197250746,MANUAL,MANUAL,1.0
1,2.0,ambig,noflip,rejected,10,200,0,1,7,6,0.32919973134994507,0.01386026080702989,MANUAL,MANUAL,1.0
1,2.0,ambig,noflip,rejected,10,200,0,1,8,7,0.14421428740024567,-0.010306198171249658,MANUAL,MANUAL,1.0
1,2.0,ambig,noflip,rejected,10,200,0,1,9,8,0.5550815463066101,0.21711084422188204,MANUAL,MANUAL,1.0
1,2.0,disambig,flip,chosen,10,200,0,1,0,0,0.9915401339530945,0.02088254141180385,MANUAL,MANUAL,1.0
1,2.0,disambig,flip,chosen,10,200,0,1,1,1,0.8108114004135132,-0.004445387242305212,MANUAL,MANUAL,1.0
1,2.0,disambig,flip,chosen,10,200,0,1,2,7,0.15308338403701782,-0.10501270779726539,MANUAL,MANUAL,1.0
1,2.0,disambig,flip,chosen,10,200,0,1,3,2,0.8063867092132568,0.07008647162806161,MANUAL,MANUAL,1.0
1,2.0,disambig,flip,chosen,10,200,0,1,4,4,0.5536236763000488,0.013922002798297346,MANUAL,MANUAL,1.0
1,2.0,disambig,flip,chosen,10,200,0,1,5,5,0.731145441532135,0.29097298762747564,MANUAL,MANUAL,1.0
1,2.0,disambig,flip,chosen,10,200,0,1,6,8,0.34005987644195557,0.06145192936862417,MANUAL,MANUAL,1.0
1,2.0,disambig,flip,chosen,10,200,0,1,7,6,0.6529671549797058,-0.0016072483092467286,MANUAL,MANUAL,1.0
1,2.0,disambig,flip,chosen,10,200,0,1,8,3,-0.09287184476852417,-0.05510196152864964,MANUAL,MANUAL,1.0
1,2.0,disambig,flip,chosen,10,200,0,1,9,9,0.2394515722990036,0.035998807883581105,MANUAL,MANUAL,1.0
1,2.0,disambig,flip,rejected,10,200,0,1,0,0,0.9874383807182312,0.011941724901288035,MANUAL,MANUAL,1.0
1,2.0,disambig,flip,rejected,10,200,0,1,1,8,-0.09142154455184937,0.035046792830757206,MANUAL,MANUAL,1.0
1,2.0,disambig,flip,rejected,10,200,0,1,2,2,0.8491652607917786,0.0737207319815553,MANUAL,MANUAL,1.0
1,2.0,disambig,flip,rejected,10,200,0,1,3,1,0.02138102613389492,-0.05479092656533487,MANUAL,MANUAL,1.0
1,2.0,disambig,flip,rejected,10,200,0,1,4,6,0.7216787934303284,0.09622864549004162,MANUAL,MANUAL,1.0
1,2.0,disambig,flip,rejected,10,200,0,1,5,4,0.7877910733222961,0.2942650428291758,MANUAL,MANUAL,1.0
1,2.0,disambig,flip,rejected,10,200,0,1,6,5,0.7669537663459778,0.1162702139740229,MANUAL,MANUAL,1.0
1,2.0,disambig,flip,rejected,10,200,0,1,7,7,0.27372515201568604,0.09237397408514589,MANUAL,MANUAL,1.0
1,2.0,disambig,flip,rejected,10,200,0,1,8,9,0.10445407032966614,0.1305051449691362,MANUAL,MANUAL,1.0
1,2.0,disambig,flip,rejected,10,200,0,1,9,3,0.1352812796831131,-0.21011744691563744,MANUAL,MANUAL,1.0
1,2.0,disambig,noflip,chosen,10,200,0,1,0,0,0.990606427192688,0.0020402748304568013,MANUAL,MANUAL,1.0
1,2.0,disambig,noflip,chosen,10,200,0,1,1,2,0.12928083539009094,-0.021371271255623363,MANUAL,MANUAL,1.0
1,2.0,disambig,noflip,chosen,10,200,0,1,2,3,0.1336420774459839,-0.12166704390612845,MANUAL,MANUAL,1.0
1,2.0,disambig,noflip,chosen,10,200,0,1,3,1,0.24717667698860168,0.030907056727490802,MANUAL,MANUAL,1.0
1,2.0,disambig,noflip,chosen,10,200,0,1,4,4,0.763643741607666,-0.03252462933942772,MANUAL,MANUAL,1.0
1,2.0,disambig,noflip,chosen,10,200,0,1,5,6,0.6676219701766968,0.16018390831576731,MANUAL,MANUAL,1.0
1,2.0,disambig,noflip,chosen,10,200,0,1,6,8,0.6315283179283142,0.027375518672662018,MANUAL,MANUAL,1.0
1,2.0,disambig,noflip,chosen,10,200,0,1,7,5,0.33803650736808777,0.06903100517209461,MANUAL,MANUAL,1.0
1,2.0,disambig,noflip,chosen,10,200,0,1,8,9,0.33455315232276917,0.03525291367966387,MANUAL,MANUAL,1.0
1,2.0,disambig,noflip,chosen,10,200,0,1,9,7,0.22545304894447327,-0.00496779955601279,MANUAL,MANUAL,1.0
1,2.0,disambig,noflip,rejected,10,200,0,1,0,0,0.9927528500556946,-0.014939127436356453,MANUAL,MANUAL,1.0
1,2.0,disambig,noflip,rejected,10,200,0,1,1,6,-0.005447650793939829,0.06571141919597767,MANUAL,MANUAL,1.0
1,2.0,disambig,noflip,rejected,10,200,0,1,2,2,0.8259353637695312,0.08832909852763876,MANUAL,MANUAL,1.0
1,2.0,disambig,noflip,rejected,10,200,0,1,3,5,0.17531688511371613,-0.03442107308277538,MANUAL,MANUAL,1.0
1,2.0,disambig,noflip,rejected,10,200,0,1,4,3,0.3518364727497101,-0.005895009041910444,MANUAL,MANUAL,1.0
1,2.0,disambig,noflip,rejected,10,200,0,1,5,1,-0.05473824217915535,-0.09172082754839835,MANUAL,MANUAL,1.0
1,2.0,disambig,noflip,rejected,10,200,0,1,6,8,0.6631664037704468,0.19162993563847652,MANUAL,MANUAL,1.0
1,2.0,disambig,noflip,rejected,10,200,0,1,7,9,0.38972875475883484,0.09074217377742014,MANUAL,MANUAL,1.0
1,2.0,disambig,noflip,rejected,10,200,0,1,8,7,0.5830870866775513,0.19051893985067894,MANUAL,MANUAL,1.0
1,2.0,disambig,noflip,rejected,10,200,0,1,9,4,0.25947389006614685,0.06482427668118568,MANUAL,MANUAL,1.0
1,2.8,ambig,flip,chosen,10,200,0,1,0,0,0.9828102588653564,-0.050724148120644484,MANUAL,MANUAL,1.0
1,2.8,ambig,flip,chosen,10,200,0,1,1,1,0.966056764125824,0.10264185516936353,MANUAL,MANUAL,1.0
1,2.8,ambig,flip,chosen,10,200,0,1,2,2,0.9391583204269409,0.051814089708592366,MANUAL,MANUAL,1.0
1,2.8,ambig,flip,chosen,10,200,0,1,3,4,-0.07463027536869049,-0.049482310141604015,MANUAL,MANUAL,1.0
1,2.8,ambig,flip,chosen,10,200,0,1,4,3,0.04305960237979889,0.02449691080440529,MANUAL,MANUAL,1.0
1,2.8,ambig,flip,chosen,10,200,0,1,5,6,0.5501819849014282,0.009062063874421253,MANUAL,MANUAL,1.0
1,2.8,ambig,flip,chosen,10,200,0,1,6,9,0.1712614744901657,-0.0023693799236142424,MANUAL,MANUAL,1.0
1,2.8,ambig,flip,chosen,10,200,0,1,7,7,0.31820929050445557,0.006570432492688343,MANUAL,MANUAL,1.0
1,2.8,ambig,flip,chosen,10,200,0,1,8,8,0.2475363314151764,0.06412151828360452,MANUAL,MANUAL,1.0
1,2.8,ambig,flip,chosen,10,200,0,1,9,5,0.10745515674352646,0.035340693539718596,MANUAL,MANUAL,1.0
1,2.8,ambig,flip,rejected,10,200,0,1,0,0,0.9727388620376587,0.01242483096302125,MANUAL,MANUAL,1.0
1,2.8,ambig,flip,rejected,10,200,0,1,1,8,0.0261067021638155,-0.011115341789621045,MANUAL,MANUAL,1.0
1,2.8,ambig,flip,rejected,10,200,0,1,2,1,0.642021119594574,0.06110995954574714,MANUAL,MANUAL,1.0
1,2.8,ambig,flip,rejected,10,200,0,1,3,3,0.6886687874794006,0.15821862340027243,MANUAL,MANUAL,1.0
1,2.8,ambig,flip,rejected,10,200,0,1,4,6,0.3700178265571594,0.012359875540113899,MANUAL,MANUAL,1.0
1,2.8,ambig,flip,rejected,10,200,0,1,5,5,0.5346859693527222,0.18342422153865173,MANUAL,MANUAL,1.0
1,2.8,ambig,flip,rejected,10,200,0,1,6,4,0.49479246139526367,0.2799817624680128,MANUAL,MANUAL,1.0
1,2.8,ambig,flip,rejected,10,200,0,1,7,7,0.6516284942626953,0.12015734747204217,MANUAL,MANUAL,1.0
1,2.8,ambig,flip,rejected,10,200,0,1,8,9,-0.0031399282161146402,-0.030759103197538416,MANUAL,MANUAL,1.0
1,2.8,ambig,flip,rejected,10,200,0,1,9,2,-0.04011155664920807,0.1478978511662357,MANUAL,MANUAL,1.0
1,2.8,ambig,noflip,chosen,10,200,0,1,0,0,0.9918721318244934,-0.04132025357270035,MANUAL,MANUAL,1.0
1,2.8,ambig,noflip,chosen,10,200,0,1,1,2,0.8137814998626709,0.018543171388834993,MANUAL,MANUAL,1.0
1,2.8,ambig,noflip,chosen,10,200,0,1,2,8,-0.019403215497732162,0.09277119238589698,MANUAL,MANUAL,1.0
1,2.8,ambig,noflip,chosen,10,200,0,1,3,3,0.8032979965209961,0.020084935908426794,MANUAL,MANUAL,1.0
1,2.8,ambig,noflip,chosen,10,200,0,1,4,5,0.4453677237033844,0.22914444830339853,MANUAL,MANUAL,1.0
1,2.8,ambig,noflip,chosen,10,200,0,1,5,4,0.5338690876960754,0.028726854652870542,MANUAL,MANUAL,1.0
1,2.8,ambig,noflip,chosen,10,200,0,1,6,7,0.7109825611114502,0.047066567518652055,MANUAL,MANUAL,1.0
1,2.8,ambig,noflip,chosen,10,200,0,1,7,1,0.016551855951547623,-0.01915777404353034,MANUAL,MANUAL,1.0
1,2.8,ambig,noflip,chosen,10,200,0,1,8,6,0.505603551864624,0.034348329253670686,MANUAL,MANUAL,1.0
1,2.8,ambig,noflip,chosen,10,200,0,1,9,9,0.032884303480386734,-0.006979703855602947,MANUAL,MANUAL,1.0
1,2.8,ambig,noflip,rejected,10,200,0,1,0,0,0.986452579498291,0.005115931886841784,MANUAL,MANUAL,1.0
1,2.8,ambig,noflip,rejected,10,200,0,1,1,1,0.9449482560157776,0.15421818458866085,MANUAL,MANUAL,1.0
1,2.8,ambig,noflip,rejected,10,200,0,1,2,2,0.4488238990306854,0.0003099605985221735,MANUAL,MANUAL,1.0
1,2.8,ambig,noflip,rejected,10,200,0,1,3,3,0.4776771664619446,0.0023836563350229725,MANUAL,MANUAL,1.0
1,2.8,ambig,noflip,rejected,10,200,0,1,4,9,0.10226166248321533,-0.10195224164458824,MANUAL,MANUAL,1.0
1,2.8,ambig,noflip,rejected,10,200,0,1,5,5,0.17541317641735077,0.13710909670465363,MANUAL,MANUAL,1.0
1,2.8,ambig,noflip,rejected,10,200,0,1,6,4,0.14854739606380463,-0.00813715526529754,MANUAL,MANUAL,1.0
1,2.8,ambig,noflip,rejected,10,200,0,1,7,6,0.3278442919254303,0.01286336810934479,MANUAL,MANUAL,1.0
1,2.8,ambig,noflip,rejected,10,200,0,1,8,7,0.14844916760921478,-0.008990563328983361,MANUAL,MANUAL,1.0
1,2.8,ambig,noflip,rejected,10,200,0,1,9,8,0.5545070171356201,0.21573476163622363,MANUAL,MANUAL,1.0
1,2.8,disambig,flip,chosen,10,200,0,1,0,0,0.9912784099578857,0.019545608632274673,MANUAL,MANUAL,1.0
1,2.8,disambig,flip,chosen,10,200,0,1,1,1,0.7927243113517761,-0.01103533625814489,MANUAL,MANUAL,1.0
1,2.8,disambig,flip,chosen,10,200,0,1,2,7,0.12495061010122299,-0.12551754247372196,MANUAL,MANUAL,1.0
1,2.8,disambig,flip,chosen,10,200,0,1,3,2,0.8065834641456604,0.0703279382432332,MANUAL,MANUAL,1.0
1,2.8,disambig,flip,chosen,10,200,0,1,4,4,0.47607332468032837,-0.02478041931009199,MANUAL,MANUAL,1.0
1,2.8,disambig,flip,chosen,10,200,0,1,5,5,0.7429307699203491,0.2796945885459903,MANUAL,MANUAL,1.0
1,2.8,disambig,flip,chosen,10,200,0,1,6,8,0.3678410053253174,0.04576671157908777,MANUAL,MANUAL,1.0
1,2.8,disambig,flip,chosen,10,200,0,1,7,6,0.6849554181098938,0.01966199601327208,MANUAL,MANUAL,1.0
1,2.8,disambig,flip,chosen,10,200,0,1,8,9,0.5672959089279175,-0.041595917566193234,MANUAL,MANUAL,1.0
1,2.8,disambig,flip,chosen,10,200,0,1,9,3,-0.032979100942611694,-0.0857108308708902,MANUAL,MANUAL,1.0
1,2.8,disambig,flip,rejected,10,200,0,1,0,0,0.9869545698165894,0.010788902880805105,MANUAL,MANUAL,1.0
1,2.8,disambig,flip,rejected,10,200,0,1,1,3,0.012234953232109547,-0.027329973966566546,MANUAL,MANUAL,1.0
1,2.8,disambig,flip,rejected,10,200,0,1,2,2,0.8506688475608826,0.07120047041796386,MANUAL,MANUAL,1.0
1,2.8,disambig,flip,rejected,10,200,0,1,3,5,0.2143232375383377,-0.0142041849913888,MANUAL,MANUAL,1.0
1,2.8,disambig,flip,rejected,10,200,0,1,4,6,0.6964743137359619,0.14649633530830827,MANUAL,MANUAL,1.0
1,2.8,disambig,flip,rejected,10,200,0,1,5,4,0.7939358353614807,0.29314958508728345,MANUAL,MANUAL,1.0
1,2.8,disambig,flip,rejected,10,200,0,1,6,8,0.2091420441865921,0.11377989590466711,MANUAL,MANUAL,1.0
1,2.8,disambig,flip,rejected,10,200,0,1,7,7,0.2953900098800659,0.0710426137861258,MANUAL,MANUAL,1.0
1,2.8,disambig,flip,rejected,10,200,0,1,8,9,0.0812092199921608,0.12300768042509432,MANUAL,MANUAL,1.0
1,2.8,disambig,flip,rejected,10,200,0,1,9,1,0.0648765116930008,-0.016969504356601807,MANUAL,MANUAL,1.0
1,2.8,disambig,noflip,chosen,10,200,0,1,0,0,0.9906976222991943,0.0023855361151942007,MANUAL,MANUAL,1.0
1,2.8,disambig,noflip,chosen,10,200,0,1,1,2,0.13833527266979218,-0.02232885048890245,MANUAL,MANUAL,1.0
1,2.8,disambig,noflip,chosen,10,200,0,1,2,3,0.14157108962535858,-0.12167198104706753,MANUAL,MANUAL,1.0
1,2.8,disambig,noflip,chosen,10,200,0,1,3,1,0.22617392241954803,0.027752838521257907,MANUAL,MANUAL,1.0
1,2.8,disambig,noflip,chosen,10,200,0,1,4,4,0.7450533509254456,-0.02477063398583551,MANUAL,MANUAL,1.0
1,2.8,disambig,noflip,chosen,10,200,0,1,5,6,0.6588059663772583,0.1567164312335925,MANUAL,MANUAL,1.0
1,2.8,disambig,noflip,chosen,10,200,0,1,6,8,0.6256844401359558,0.029942526273179684,MANUAL,MANUAL,1.0
1,2.8,disambig,noflip,chosen,10,200,0,1,7,5,0.30167415738105774,0.06552738155032888,MANUAL,MANUAL,1.0
1,2.8,disambig,noflip,chosen,10,200,0,1,8,9,0.30762702226638794,0.04192653956092111,MANUAL,MANUAL,1.0
1,2.8,disambig,noflip,chosen,10,200,0,1,9,7,0.21580719947814941,-0.004211700870022548,MANUAL,MANUAL,1.0
1,2.8,disambig,noflip,rejected,10,200,0,1,0,0,0.9927828311920166,-0.01587989024447069,MANUAL,MANUAL,1.0
1,2.8,disambig,noflip,rejected,10,200,0,1,1,6,-0.005588656757026911,0.06484054652148691,MANUAL,MANUAL,1.0
1,2.8,disambig,noflip,rejected,10,200,0,1,2,2,0.8273958563804626,0.08453753282830227,MANUAL,MANUAL,1.0
1,2.8,disambig,noflip,rejected,10,200,0,1,3,5,0.1732155978679657,-0.03469396524152902,MANUAL,MANUAL,1.0
1,2.8,disambig,noflip,rejected,10,200,0,1,4,3,0.3879421353340149,-0.007410643294738341,MANUAL,MANUAL,1.0
1,2.8,disambig,noflip,rejected,10,200,0,1,5,1,-0.057938847690820694,-0.08758923797077822,MANUAL,MANUAL,1.0
1,2.8,disambig,noflip,rejected,10,200,0,1,6,8,0.6842686533927917,0.19827410008269974,MANUAL,MANUAL,1.0
1,2.8,disambig,noflip,rejected,10,200,0,1,7,9,0.3915674686431885,0.08993378433955788,MANUAL,MANUAL,1.0
1,2.8,disambig,noflip,rejected,10,200,0,1,8,7,0.5853159427642822,0.1864451759597181,MANUAL,MANUAL,1.0
1,2.8,disambig,noflip,rejected,10,200,0,1,9,4,0.24508686363697052,0.11161971884882727,MANUAL,MANUAL,1.0
21,1.0,ambig,flip,chosen,10,200,0,1,0,1,0.15765804052352905,-0.02147381151569837,MANUAL,MANUAL,1.0
21,1.0,ambig,flip,chosen,10,200,0,1,1,4,-0.001985218608751893,0.0023467992729001535,MANUAL,MANUAL,1.0
21,1.0,ambig,flip,chosen,10,200,0,1,2,2,0.732020378112793,0.07183109906369142,MANUAL,MANUAL,1.0
21,1.0,ambig,flip,chosen,10,200,0,1,3,3,0.5562026500701904,0.015518073065050559,MANUAL,MANUAL,1.0
21,1.0,ambig,flip,chosen,10,200,0,1,4,6,0.30255216360092163,0.1448761999185391,MANUAL,MANUAL,1.0
21,1.0,ambig,flip,chosen,10,200,0,1,5,5,0.6834927201271057,0.04944839200513907,MANUAL,MANUAL,1.0
21,1.0,ambig,flip,chosen,10,200,0,1,6,8,0.24298830330371857,0.07779861929706562,MANUAL,MANUAL,1.0
21,1.0,ambig,flip,chosen,10,200,0,1,7,7,0.5240125060081482,0.08196848046284824,MANUAL,MANUAL,1.0
21,1.0,ambig,flip,chosen,10,200,0,1,8,0,0.043919164687395096,-0.022800482250208032,MANUAL,MANUAL,1.0
21,1.0,ambig,flip,chosen,10,200,0,1,9,9,0.3798694312572479,-0.020833889655380324,MANUAL,MANUAL,1.0
21,1.0,ambig,flip,rejected,10,200,0,1,0,0,0.9525638222694397,0.12925624034191904,MANUAL,MANUAL,1.0
21,1.0,ambig,flip,rejected,10,200,0,1,1,1,0.935413658618927,0.1504832068335722,MANUAL,MANUAL,1.0
21,1.0,ambig,flip,rejected,10,200,0,1,2,9,0.06795413792133331,0.023948856418959056,MANUAL,MANUAL,1.0
21,1.0,ambig,flip,rejected,10,200,0,1,3,3,0.5451887845993042,0.0913707839035816,MANUAL,MANUAL,1.0
21,1.0,ambig,flip,rejected,10,200,0,1,4,4,0.530856728553772,0.06324651474637756,MANUAL,MANUAL,1.0
21,1.0,ambig,flip,rejected,10,200,0,1,5,7,0.025009965524077415,0.055000031482094966,MANUAL,MANUAL,1.0
21,1.0,ambig,flip,rejected,10,200,0,1,6,6,0.6514809727668762,0.18832639251138095,MANUAL,MANUAL,1.0
21,1.0,ambig,flip,rejected,10,200,0,1,7,5,0.30648037791252136,-0.034247270788524894,MANUAL,MANUAL,1.0
21,1.0,ambig,flip,rejected,10,200,0,1,8,2,0.24758866429328918,-0.1079685896178856,MANUAL,MANUAL,1.0
21,1.0,ambig,flip,rejected,10,200,0,1,9,8,0.2606101632118225,-0.1572669980794108,MANUAL,MANUAL,1.0
21,1.0,ambig,noflip,chosen,10,200,0,1,0,0,0.9881299138069153,-0.02450470239537289,MANUAL,MANUAL,1.0
21,1.0,ambig,noflip,chosen,10,200,0,1,1,8,-0.006958379410207272,-0.08325065279431705,MANUAL,MANUAL,1.0
21,1.0,ambig,noflip,chosen,10,200,0,1,2,1,0.134893000125885,-0.023507409219609508,MANUAL,MANUAL,1.0
21,1.0,ambig,noflip,chosen,10,200,0,1,3,4,0.4944900572299957,0.00860855471999534,MANUAL,MANUAL,1.0
21,1.0,ambig,noflip,chosen,10,200,0,1,4,3,0.4915310740470886,0.017311466038362883,MANUAL,MANUAL,1.0
21,1.0,ambig,noflip,chosen,10,200,0,1,5,6,0.3626737594604492,-0.05450057697937554,MANUAL,MANUAL,1.0
21,1.0,ambig,noflip,chosen,10,200,0,1,6,7,0.024039918556809425,-0.06689403783668423,MANUAL,MANUAL,1.0
21,1.0,ambig,noflip,chosen,10,200,0,1,7,9,0.21876969933509827,-0.16787503094930173,MANUAL,MANUAL,1.0
21,1.0,ambig,noflip,chosen,10,200,0,1,8,5,0.3046310245990753,-0.06906608688860799,MANUAL,MANUAL,1.0
21,1.0,ambig,noflip,chosen,10,200,0,1,9,2,0.00609965855255723,0.0234112354493165,MANUAL,MANUAL,1.0
21,1.0,ambig,noflip,rejected,10,200,0,1,0,0,0.9870365262031555,-0.007531434239875773,MANUAL,MANUAL,1.0
21,1.0,ambig,noflip,rejected,10,200,0,1,1,8,0.08179543167352676,0.0744726658640471,MANUAL,MANUAL,1.0
21,1.0,ambig,noflip,rejected,10,200,0,1,2,2,0.9209055304527283,0.08604760222575883,MANUAL,MANUAL,1.0
21,1.0,ambig,noflip,rejected,10,200,0,1,3,5,0.338095486164093,0.004507525755945359,MANUAL,MANUAL,1.0
21,1.0,ambig,noflip,rejected,10,200,0,1,4,1,0.12609343230724335,0.1253700321461963,MANUAL,MANUAL,1.0
21,1.0,ambig,noflip,rejected,10,200,0,1,5,4,0.6270797252655029,0.058664296023428215,MANUAL,MANUAL,1.0
21,1.0,ambig,noflip,rejected,10,200,0,1,6,6,0.49906548857688904,0.169157928526249,MANUAL,MANUAL,1.0
21,1.0,ambig,noflip,rejected,10,200,0,1,7,9,0.2786131203174591,-0.014047139163595106,MANUAL,MANUAL,1.0
21,1.0,ambig,noflip,rejected,10,200,0,1,8,7,0.5390264391899109,0.04851232243136907,MANUAL,MANUAL,1.0
21,1.0,ambig,noflip,rejected,10,200,0,1,9,3,0.2369730919599533,0.02305578264224759,MANUAL,MANUAL,1.0
21,1.0,disambig,flip,chosen,10,200,0,1,0,0,0.9691269993782043,-0.06350542499677785,MANUAL,MANUAL,1.0
21,1.0,disambig,flip,chosen,10,200,0,1,1,9,0.06756824254989624,-0.006041765899939266,MANUAL,MANUAL,1.0
21,1.0,disambig,flip,chosen,10,200,0,1,2,2,0.6718828678131104,0.14917017981977418,MANUAL,MANUAL,1.0
21,1.0,disambig,flip,chosen,10,200,0,1,3,4,0.7219968438148499,0.04293622063806738,MANUAL,MANUAL,1.0
21,1.0,disambig,flip,chosen,10,200,0,1,4,3,0.5589006543159485,0.2484090261647928,MANUAL,MANUAL,1.0
21,1.0,disambig,flip,chosen,10,200,0,1,5,6,0.4302871823310852,-0.018652030470849096,MANUAL,MANUAL,1.0
21,1.0,disambig,flip,chosen,10,200,0,1,6,7,0.18636895716190338,-0.022677796492990177,MANUAL,MANUAL,1.0
21,1.0,disambig,flip,chosen,10,200,0,1,7,1,0.03741241991519928,0.02713124841699775,MANUAL,MANUAL,1.0
21,1.0,disambig,flip,chosen,10,200,0,1,8,5,0.11257955431938171,-0.04103565152769583,MANUAL,MANUAL,1.0
21,1.0,disambig,flip,chosen,10,200,0,1,9,8,0.5655714273452759,0.13281937916594358,MANUAL,MANUAL,1.0
21,1.0,disambig,flip,rejected,10,200,0,1,0,0,0.9456032514572144,-0.0003540676912076699,MANUAL,MANUAL,1.0
21,1.0,disambig,flip,rejected,10,200,0,1,1,8,-0.008503075689077377,-0.08345888800563563,MANUAL,MANUAL,1.0
21,1.0,disambig,flip,rejected,10,200,0,1,2,2,0.827947199344635,0.22327111568301003,MANUAL,MANUAL,1.0
21,1.0,disambig,flip,rejected,10,200,0,1,3,4,0.5286790728569031,0.16052080469765348,MANUAL,MANUAL,1.0
21,1.0,disambig,flip,rejected,10,200,0,1,4,5,0.26846060156822205,-0.0365978442543392,MANUAL,MANUAL,1.0
21,1.0,disambig,flip,rejected,10,200,0,1,5,7,0.29284581542015076,0.22999850895388507,MANUAL,MANUAL,1.0
21,1.0,disambig,flip,rejected,10,200,0,1,6,9,0.4296034872531891,0.2186486311912316,MANUAL,MANUAL,1.0
21,1.0,disambig,flip,rejected,10,200,0,1,7,6,0.4491395056247711,0.11283233701642016,MANUAL,MANUAL,1.0
21,1.0,disambig,flip,rejected,10,200,0,1,8,1,0.021201161667704582,0.03041106342797543,MANUAL,MANUAL,1.0
21,1.0,disambig,flip,rejected,10,200,0,1,9,3,0.17260554432868958,0.035425701359355674,MANUAL,MANUAL,1.0
21,1.0,disambig,noflip,chosen,10,200,0,1,0,0,0.9739723801612854,0.0664753706068976,MANUAL,MANUAL,1.0
21,1.0,disambig,noflip,chosen,10,200,0,1,1,1,0.9579921364784241,0.06519241489684287,MANUAL,MANUAL,1.0
21,1.0,disambig,noflip,chosen,10,200,0,1,2,3,0.8523401021957397,0.006336000198678787,MANUAL,MANUAL,1.0
21,1.0,disambig,noflip,chosen,10,200,0,1,3,6,0.21403159201145172,-0.1336707859336678,MANUAL,MANUAL,1.0
21,1.0,disambig,noflip,chosen,10,200,0,1,4,5,0.48099398612976074,-0.02171303932203865,MANUAL,MANUAL,1.0
21,1.0,disambig,noflip,chosen,10,200,0,1,5,2,0.21778427064418793,0.07268761562510302,MANUAL,MANUAL,1.0
21,1.0,disambig,noflip,chosen,10,200,0,1,6,4,0.31004559993743896,-0.02112886203630399,MANUAL,MANUAL,1.0
21,1.0,disambig,noflip,chosen,10,200,0,1,7,7,0.40908247232437134,0.027876766400915166,MANUAL,MANUAL,1.0
21,1.0,disambig,noflip,chosen,10,200,0,1,8,9,0.10221416503190994,0.09591909143837886,MANUAL,MANUAL,1.0
21,1.0,disambig,noflip,chosen,10,200,0,1,9,8,-0.024028876796364784,0.0016706219490562433,MANUAL,MANUAL,1.0
21,1.0,disambig,noflip,rejected,10,200,0,1,0,0,0.9919342994689941,0.11405306611426087,MANUAL,MANUAL,1.0
21,1.0,disambig,noflip,rejected,10,200,0,1,1,1,0.9721275568008423,-0.01331093692865627,MANUAL,MANUAL,1.0
21,1.0,disambig,noflip,rejected,10,200,0,1,2,3,0.7200597524642944,-0.080096263108955,MANUAL,MANUAL,1.0
21,1.0,disambig,noflip,rejected,10,200,0,1,3,2,0.47778987884521484,0.07823098285395833,MANUAL,MANUAL,1.0
21,1.0,disambig,noflip,rejected,10,200,0,1,4,5,0.4495444893836975,-0.0425717687782495,MANUAL,MANUAL,1.0
21,1.0,disambig,noflip,rejected,10,200,0,1,5,4,0.4745957553386688,-0.01885470634550759,MANUAL,MANUAL,1.0
21,1.0,disambig,noflip,rejected,10,200,0,1,6,8,0.4253615140914917,0.0002618315044671675,MANUAL,MANUAL,1.0
21,1.0,disambig,noflip,rejected,10,200,0,1,7,7,0.3837096393108368,0.10806461607176439,MANUAL,MANUAL,1.0
21,1.0,disambig,noflip,rejected,10,200,0,1,8,9,-0.09109009802341461,-0.1051050905356884,MANUAL,MANUAL,1.0
21,1.0,disambig,noflip,rejected,10,200,0,1,9,6,0.23279723525047302,-0.00795589347444431,MANUAL,MANUAL,1.0
21,2.0,ambig,flip,chosen,10,200,0,1,0,1,0.1178826317191124,-0.05789974766402292,MANUAL,MANUAL,1.0
21,2.0,ambig,flip,chosen,10,200,0,1,1,8,-0.03450344502925873,-0.13151308118877217,MANUAL,MANUAL,1.0
21,2.0,ambig,flip,chosen,10,200,0,1,2,3,0.47891104221343994,0.2593924956672619,MANUAL,MANUAL,1.0
21,2.0,ambig,flip,chosen,10,200,0,1,3,0,-0.02828150987625122,-0.06473106114017187,MANUAL,MANUAL,1.0
21,2.0,ambig,flip,chosen,10,200,0,1,4,5,0.6478673219680786,-0.004921658015836267,MANUAL,MANUAL,1.0
21,2.0,ambig,flip,chosen,10,200,0,1,5,4,0.7212537527084351,0.24850208186828543,MANUAL,MANUAL,1.0
21,2.0,ambig,flip,chosen,10,200,0,1,6,6,0.5170292258262634,-0.011210034077812096,MANUAL,MANUAL,1.0
21,2.0,ambig,flip,chosen,10,200,0,1,7,9,0.12391571700572968,0.06874691531471579,MANUAL,MANUAL,1.0
21,2.0,ambig,flip,chosen,10,200,0,1,8,7,0.35427701473236084,0.04309647058177144,MANUAL,MANUAL,1.0
21,2.0,ambig,flip,chosen,10,200,0,1,9,2,0.023491278290748596,-0.20922188874448805,MANUAL,MANUAL,1.0
21,2.0,ambig,flip,rejected,10,200,0,1,0,0,0.8830075860023499,0.10770846507051399,MANUAL,MANUAL,1.0
21,2.0,ambig,flip,rejected,10,200,0,1,1,1,0.8651537299156189,0.11399929221052346,MANUAL,MANUAL,1.0
21,2.0,ambig,flip,rejected,10,200,0,1,2,8,0.10951568186283112,-0.05072639486075728,MANUAL,MANUAL,1.0
21,2.0,ambig,flip,rejected,10,200,0,1,3,2,0.6759737133979797,0.20298648427590363,MANUAL,MANUAL,1.0
21,2.0,ambig,flip,rejected,10,200,0,1,4,5,0.5584511160850525,0.08035843780875741,MANUAL,MANUAL,1.0
21,2.0,ambig,flip,rejected,10,200,0,1,5,7,0.3656248152256012,0.028617283342139543,MANUAL,MANUAL,1.0
21,2.0,ambig,flip,rejected,10,200,0,1,6,4,0.5203021168708801,0.17556251279709012,MANUAL,MANUAL,1.0
21,2.0,ambig,flip,rejected,10,200,0,1,7,6,0.522676408290863,0.16439775148782793,MANUAL,MANUAL,1.0
21,2.0,ambig,flip,rejected,10,200,0,1,8,3,-0.027205269783735275,0.006985517492611013,MANUAL,MANUAL,1.0
21,2.0,ambig,flip,rejected,10,200,0,1,9,9,0.10593534260988235,-0.07242482226400725,MANUAL,MANUAL,1.0
21,2.0,ambig,noflip,chosen,10,200,0,1,0,0,0.9890626668930054,-0.030213027559690343,MANUAL,MANUAL,1.0
21,2.0,ambig,noflip,chosen,10,200,0,1,1,5,0.06895904988050461,0.17178777120300132,MANUAL,MANUAL,1.0
21,2.0,ambig,noflip,chosen,10,200,0,1,2,1,0.08981916308403015,-0.01876019326919033,MANUAL,MANUAL,1.0
21,2.0,ambig,noflip,chosen,10,200,0,1,3,7,0.049396637827157974,0.027005328056155253,MANUAL,MANUAL,1.0
21,2.0,ambig,noflip,chosen,10,200,0,1,4,3,0.5400506854057312,0.0041238331632528075,MANUAL,MANUAL,1.0
21,2.0,ambig,noflip,chosen,10,200,0,1,5,8,0.25347962975502014,0.11112757739738535,MANUAL,MANUAL,1.0
21,2.0,ambig,noflip,chosen,10,200,0,1,6,6,0.4910529553890228,0.025986606981850718,MANUAL,MANUAL,1.0
21,2.0,ambig,noflip,chosen,10,200,0,1,7,9,0.23048950731754303,-0.12676931512521997,MANUAL,MANUAL,1.0
21,2.0,ambig,noflip,chosen,10,200,0,1,8,4,0.20421455800533295,0.07702078890262196,MANUAL,MANUAL,1.0
21,2.0,ambig,noflip,chosen,10,200,0,1,9,2,0.013843294233083725,0.07560340726364073,MANUAL,MANUAL,1.0
21,2.0,ambig,noflip,rejected,10,200,0,1,0,0,0.9887624979019165,-0.006007898995724162,MANUAL,MANUAL,1.0
21,2.0,ambig,noflip,rejected,10,200,0,1,1,4,0.019559545442461967,0.11960157840691912,MANUAL,MANUAL,1.0
21,2.0,ambig,noflip,rejected,10,200,0,1,2,2,0.696870744228363,-0.09423315077075091,MANUAL,MANUAL,1.0
21,2.0,ambig,noflip,rejected,10,200,0,1,3,3,0.7269285321235657,0.1558400431469476,MANUAL,MANUAL,1.0
21,2.0,ambig,noflip,rejected,10,200,0,1,4,9,0.17153871059417725,0.07602543760766071,MANUAL,MANUAL,1.0
21,2.0,ambig,noflip,rejected,10,200,0,1,5,5,0.2610938549041748,0.0014802988134598551,MANUAL,MANUAL,1.0
21,2.0,ambig,noflip,rejected,10,200,0,1,6,6,0.5865118503570557,0.13162142586497694,MANUAL,MANUAL,1.0
21,2.0,ambig,noflip,rejected,10,200,0,1,7,1,0.12176966667175293,-0.07260171791764948,MANUAL,MANUAL,1.0
21,2.0,ambig,noflip,rejected,10,200,0,1,8,8,0.12272174656391144,-0.1527234496241724,MANUAL,MANUAL,1.0
21,2.0,ambig,noflip,rejected,10,200,0,1,9,7,0.4713820815086365,0.043276272959945135,MANUAL,MANUAL,1.0
21,2.0,disambig,flip,chosen,10,200,0,1,0,0,0.9838447570800781,-0.11363520704585917,MANUAL,MANUAL,1.0
21,2.0,disambig,flip,chosen,10,200,0,1,1,1,0.9635087847709656,0.17863478623464715,MANUAL,MANUAL,1.0
21,2.0,disambig,flip,chosen,10,200,0,1,2,2,0.5839462876319885,0.310576918624041,MANUAL,MANUAL,1.0
21,2.0,disambig,flip,chosen,10,200,0,1,3,9,0.054963719099760056,-0.014223662872665929,MANUAL,MANUAL,1.0
21,2.0,disambig,flip,chosen,10,200,0,1,4,5,0.4674417972564697,0.07614447716758578,MANUAL,MANUAL,1.0
21,2.0,disambig,flip,chosen,10,200,0,1,5,8,0.14135195314884186,-0.0005190839629731474,MANUAL,MANUAL,1.0
21,2.0,disambig,flip,chosen,10,200,0,1,6,3,0.4912683963775635,0.20987355462136484,MANUAL,MANUAL,1.0
21,2.0,disambig,flip,chosen,10,200,0,1,7,7,0.3761422336101532,0.33028300261079624,MANUAL,MANUAL,1.0
21,2.0,disambig,flip,chosen,10,200,0,1,8,6,0.36080920696258545,-0.02585275327374732,MANUAL,MANUAL,1.0
21,2.0,disambig,flip,chosen,10,200,0,1,9,4,0.23078450560569763,0.17090798428530396,MANUAL,MANUAL,1.0
21,2.0,disambig,flip,rejected,10,200,0,1,0,0,0.9847421646118164,-0.032817560057788284,MANUAL,MANUAL,1.0
21,2.0,disambig,flip,rejected,10,200,0,1,1,1,0.967688262462616,0.10101840331212758,MANUAL,MANUAL,1.0
21,2.0,disambig,flip,rejected,10,200,0,1,2,2,0.8714346289634705,0.29756363436443817,MANUAL,MANUAL,1.0
21,2.0,disambig,flip,rejected,10,200,0,1,3,6,-0.08293524384498596,0.03590629334237481,MANUAL,MANUAL,1.0
21,2.0,disambig,flip,rejected,10,200,0,1,4,5,0.6141371726989746,0.2627435053543023,MANUAL,MANUAL,1.0
21,2.0,disambig,flip,rejected,10,200,0,1,5,8,0.38136112689971924,0.19238416941374337,MANUAL,MANUAL,1.0
21,2.0,disambig,flip,rejected,10,200,0,1,6,9,0.5261167883872986,-0.0017067563658438763,MANUAL,MANUAL,1.0
21,2.0,disambig,flip,rejected,10,200,0,1,7,3,0.04579726979136467,-0.07728073062265489,MANUAL,MANUAL,1.0
21,2.0,disambig,flip,rejected,10,200,0,1,8,7,0.4569556415081024,0.1586968363009481,MANUAL,MANUAL,1.0
21,2.0,disambig,flip,rejected,10,200,0,1,9,4,-0.004072096198797226,0.006090473001010089,MANUAL,MANUAL,1.0
21,2.0,disambig,noflip,chosen,10,200,0,1,0,0,0.9765905141830444,0.08158087160040804,MANUAL,MANUAL,1.0
21,2.0,disambig,noflip,chosen,10,200,0,1,1,1,0.9629164338111877,0.04502351966628203,MANUAL,MANUAL,1.0
21,2.0,disambig,noflip,chosen,10,200,0,1,2,2,0.7517809867858887,0.03117617836875609,MANUAL,MANUAL,1.0
21,2.0,disambig,noflip,chosen,10,200,0,1,3,4,0.26559799909591675,0.12811737839018436,MANUAL,MANUAL,1.0
21,2.0,disambig,noflip,chosen,10,200,0,1,4,5,0.310678094625473,0.04091522702803201,MANUAL,MANUAL,1.0
21,2.0,disambig,noflip,chosen,10,200,0,1,5,9,-0.06748674809932709,0.00241012430965319,MANUAL,MANUAL,1.0
21,2.0,disambig,noflip,chosen,10,200,0,1,6,6,0.3766033947467804,0.10743022464970817,MANUAL,MANUAL,1.0
21,2.0,disambig,noflip,chosen,10,200,0,1,7,3,0.005695587024092674,-0.09139881588120913,MANUAL,MANUAL,1.0
21,2.0,disambig,noflip,chosen,10,200,0,1,8,7,0.445050984621048,-0.017803341074982153,MANUAL,MANUAL,1.0
21,2.0,disambig,noflip,chosen,10,200,0,1,9,8,-0.015346743166446686,0.02702589029852408,MANUAL,MANUAL,1.0
21,2.0,disambig,noflip,rejected,10,200,0,1,0,0,0.9920692443847656,0.10983010392228454,MANUAL,MANUAL,1.0
21,2.0,disambig,noflip,rejected,10,200,0,1,1,1,0.9756922721862793,-0.01726444152653936,MANUAL,MANUAL,1.0
21,2.0,disambig,noflip,rejected,10,200,0,1,2,2,0.6870847344398499,0.04904361233621178,MANUAL,MANUAL,1.0
21,2.0,disambig,noflip,rejected,10,200,0,1,3,3,0.43479979038238525,0.01900439612730947,MANUAL,MANUAL,1.0
21,2.0,disambig,noflip,rejected,10,200,0,1,4,5,0.21869635581970215,-0.04004902001711574,MANUAL,MANUAL,1.0
21,2.0,disambig,noflip,rejected,10,200,0,1,5,4,0.45167672634124756,-0.09349465124728326,MANUAL,MANUAL,1.0
21,2.0,disambig,noflip,rejected,10,200,0,1,6,9,0.2842611074447632,0.038067996407097605,MANUAL,MANUAL,1.0
21,2.0,disambig,noflip,rejected,10,200,0,1,7,8,0.2815719544887543,0.06266497690695609,MANUAL,MANUAL,1.0
21,2.0,disambig,noflip,rejected,10,200,0,1,8,7,0.43467217683792114,0.014811713191581137,MANUAL,MANUAL,1.0
21,2.0,disambig,noflip,rejected,10,200,0,1,9,6,0.39979928731918335,0.022143016156564027,MANUAL,MANUAL,1.0
21,2.8,ambig,flip,chosen,10,200,0,1,0,7,0.017741814255714417,-0.0372587543823501,MANUAL,MANUAL,1.0
21,2.8,ambig,flip,chosen,10,200,0,1,1,4,0.010987194254994392,-0.015193650991025093,MANUAL,MANUAL,1.0
21,2.8,ambig,flip,chosen,10,200,0,1,2,1,0.10702754557132721,0.12036298534302997,MANUAL,MANUAL,1.0
21,2.8,ambig,flip,chosen,10,200,0,1,3,0,-0.0294375978410244,0.023186875858645893,MANUAL,MANUAL,1.0
21,2.8,ambig,flip,chosen,10,200,0,1,4,3,0.333522766828537,0.144587356112631,MANUAL,MANUAL,1.0
21,2.8,ambig,flip,chosen,10,200,0,1,5,5,0.7007094025611877,0.09432199893888008,MANUAL,MANUAL,1.0
21,2.8,ambig,flip,chosen,10,200,0,1,6,8,0.418562650680542,-0.04854912281092679,MANUAL,MANUAL,1.0
21,2.8,ambig,flip,chosen,10,200,0,1,7,6,0.42152389883995056,0.08841138996366293,MANUAL,MANUAL,1.0
21,2.8,ambig,flip,chosen,10,200,0,1,8,2,0.07439804077148438,-0.09637450900996596,MANUAL,MANUAL,1.0
21,2.8,ambig,flip,chosen,10,200,0,1,9,9,0.5985068678855896,0.005644644224393866,MANUAL,MANUAL,1.0
21,2.8,ambig,flip,rejected,10,200,0,1,0,1,0.37308767437934875,0.14000923159472203,MANUAL,MANUAL,1.0
21,2.8,ambig,flip,rejected,10,200,0,1,1,0,0.3607199788093567,0.08522075339914656,MANUAL,MANUAL,1.0
21,2.8,ambig,flip,rejected,10,200,0,1,2,2,0.8175300359725952,0.28147667376738783,MANUAL,MANUAL,1.0
21,2.8,ambig,flip,rejected,10,200,0,1,3,4,0.42256730794906616,0.10962629499425144,MANUAL,MANUAL,1.0
21,2.8,ambig,flip,rejected,10,200,0,1,4,3,0.737384021282196,0.3835195572308473,MANUAL,MANUAL,1.0
21,2.8,ambig,flip,rejected,10,200,0,1,5,5,0.5521016716957092,0.03802756082086324,MANUAL,MANUAL,1.0
21,2.8,ambig,flip,rejected,10,200,0,1,6,6,0.4525209963321686,0.09715774273617997,MANUAL,MANUAL,1.0
21,2.8,ambig,flip,rejected,10,200,0,1,7,9,0.2139803171157837,-0.020639355024404307,MANUAL,MANUAL,1.0
21,2.8,ambig,flip,rejected,10,200,0,1,8,7,0.4086771309375763,0.1751892090768536,MANUAL,MANUAL,1.0
21,2.8,ambig,flip,rejected,10,200,0,1,9,8,0.3476402163505554,0.021646039637102075,MANUAL,MANUAL,1.0
21,2.8,ambig,noflip,chosen,10,200,0,1,0,0,0.9895766377449036,-0.030225381327819437,MANUAL,MANUAL,1.0
21,2.8,ambig,noflip,chosen,10,200,0,1,1,2,-0.11179937422275543,0.11174759497530971,MANUAL,MANUAL,1.0
21,2.8,ambig,noflip,chosen,10,200,0,1,2,1,0.10951961576938629,-0.019159450722912558,MANUAL,MANUAL,1.0
21,2.8,ambig,noflip,chosen,10,200,0,1,3,5,0.31083157658576965,0.04658275706398664,MANUAL,MANUAL,1.0
21,2.8,ambig,noflip,chosen,10,200,0,1,4,3,0.5273827910423279,0.011254998285292533,MANUAL,MANUAL,1.0
21,2.8,ambig,noflip,chosen,10,200,0,1,5,8,0.26781994104385376,0.07165240082866417,MANUAL,MANUAL,1.0
21,2.8,ambig,noflip,chosen,10,200,0,1,6,6,0.5045168995857239,0.06096438463035352,MANUAL,MANUAL,1.0
21,2.8,ambig,noflip,chosen,10,200,0,1,7,9,0.32811883091926575,-0.12298151169036951,MANUAL,MANUAL,1.0
21,2.8,ambig,noflip,chosen,10,200,0,1,8,4,0.36480405926704407,0.00593122978169603,MANUAL,MANUAL,1.0
21,2.8,ambig,noflip,chosen,10,200,0,1,9,7,0.6715128421783447,0.0641122154451713,MANUAL,MANUAL,1.0
21,2.8,ambig,noflip,rejected,10,200,0,1,0,0,0.9887063503265381,-0.006813361135307522,MANUAL,MANUAL,1.0
21,2.8,ambig,noflip,rejected,10,200,0,1,1,8,-0.003890249878168106,-0.0293166893506153,MANUAL,MANUAL,1.0
21,2.8,ambig,noflip,rejected,10,200,0,1,2,2,0.5708722472190857,-0.12495260407885474,MANUAL,MANUAL,1.0
21,2.8,ambig,noflip,rejected,10,200,0,1,3,5,0.35807332396507263,-0.008909375060100895,MANUAL,MANUAL,1.0
21,2.8,ambig,noflip,rejected,10,200,0,1,4,1,0.13129031658172607,0.113573059091593,MANUAL,MANUAL,1.0
21,2.8,ambig,noflip,rejected,10,200,0,1,5,3,0.04230509325861931,0.03606021924989156,MANUAL,MANUAL,1.0
21,2.8,ambig,noflip,rejected,10,200,0,1,6,6,0.5256419777870178,0.13326646514751225,MANUAL,MANUAL,1.0
21,2.8,ambig,noflip,rejected,10,200,0,1,7,4,0.2054484784603119,0.010374986550399966,MANUAL,MANUAL,1.0
21,2.8,ambig,noflip,rejected,10,200,0,1,8,9,0.16292692720890045,0.09871655036584734,MANUAL,MANUAL,1.0
21,2.8,ambig,noflip,rejected,10,200,0,1,9,7,0.4558365046977997,-0.020524439772424574,MANUAL,MANUAL,1.0
21,2.8,disambig,flip,chosen,10,200,0,1,0,0,0.9846294522285461,-0.09018310202097712,MANUAL,MANUAL,1.0
21,2.8,disambig,flip,chosen,10,200,0,1,1,1,0.9709377288818359,0.19438852329817513,MANUAL,MANUAL,1.0
21,2.8,disambig,flip,chosen,10,200,0,1,2,4,0.34762051701545715,0.12307044198509592,MANUAL,MANUAL,1.0
21,2.8,disambig,flip,chosen,10,200,0,1,3,2,0.5703209638595581,0.29797025026502555,MANUAL,MANUAL,1.0
21,2.8,disambig,flip,chosen,10,200,0,1,4,7,0.1203206479549408,0.034517726877322415,MANUAL,MANUAL,1.0
21,2.8,disambig,flip,chosen,10,200,0,1,5,5,0.6909716129302979,0.28664721980083907,MANUAL,MANUAL,1.0
21,2.8,disambig,flip,chosen,10,200,0,1,6,6,0.36777931451797485,0.12210450820856998,MANUAL,MANUAL,1.0
21,2.8,disambig,flip,chosen,10,200,0,1,7,8,0.4934048652648926,0.13408067554609393,MANUAL,MANUAL,1.0
21,2.8,disambig,flip,chosen,10,200,0,1,8,3,-0.0006012123776599765,0.09241395692187378,MANUAL,MANUAL,1.0
21,2.8,disambig,flip,chosen,10,200,0,1,9,9,-0.10354088246822357,0.04616199563045405,MANUAL,MANUAL,1.0
21,2.8,disambig,flip,rejected,10,200,0,1,0,0,0.9825408458709717,-0.028644351340337642,MANUAL,MANUAL,1.0
21,2.8,disambig,flip,rejected,10,200,0,1,1,1,0.973988950252533,0.1032891253479979,MANUAL,MANUAL,1.0
21,2.8,disambig,flip,rejected,10,200,0,1,2,2,0.8833888173103333,0.2846388883967828,MANUAL,MANUAL,1.0
21,2.8,disambig,flip,rejected,10,200,0,1,3,4,0.607367753982544,0.1685192316019444,MANUAL,MANUAL,1.0
21,2.8,disambig,flip,rejected,10,200,0,1,4,9,-0.05419648438692093,0.04067724195240973,MANUAL,MANUAL,1.0
21,2.8,disambig,flip,rejected,10,200,0,1,5,6,0.6130751967430115,0.19701761014342556,MANUAL,MANUAL,1.0
21,2.8,disambig,flip,rejected,10,200,0,1,6,5,0.5491799116134644,0.18474301206245844,MANUAL,MANUAL,1.0
21,2.8,disambig,flip,rejected,10,200,0,1,7,3,0.024652672931551933,0.04298913429205362,MANUAL,MANUAL,1.0
21,2.8,disambig,flip,rejected,10,200,0,1,8,8,0.2727760672569275,0.007283756608384966,MANUAL,MANUAL,1.0
21,2.8,disambig,flip,rejected,10,200,0,1,9,7,0.4951666593551636,0.06274126193211871,MANUAL,MANUAL,1.0
21,2.8,disambig,noflip,chosen,10,200,0,1,0,0,0.9761860966682434,0.07718870068221968,MANUAL,MANUAL,1.0
21,2.8,disambig,noflip,chosen,10,200,0,1,1,1,0.9633399248123169,0.048205028652559496,MANUAL,MANUAL,1.0
21,2.8,disambig,noflip,chosen,10,200,0,1,2,2,0.7685006260871887,0.030341357603744974,MANUAL,MANUAL,1.0
21,2.8,disambig,noflip,chosen,10,200,0,1,3,4,0.20300507545471191,0.12396503520037697,MANUAL,MANUAL,1.0
21,2.8,disambig,noflip,chosen,10,200,0,1,4,5,0.4278500974178314,0.049314854888597895,MANUAL,MANUAL,1.0
21,2.8,disambig,noflip,chosen,10,200,0,1,5,3,0.06563235074281693,-0.021187972418255947,MANUAL,MANUAL,1.0
21,2.8,disambig,noflip,chosen,10,200,0,1,6,8,0.2877310514450073,-0.0034758594945051295,MANUAL,MANUAL,1.0
21,2.8,disambig,noflip,chosen,10,200,0,1,7,9,0.1734645962715149,-0.010660647344268241,MANUAL,MANUAL,1.0
21,2.8,disambig,noflip,chosen,10,200,0,1,8,7,0.4366626441478729,-0.05544082591216822,MANUAL,MANUAL,1.0
21,2.8,disambig,noflip,chosen,10,200,0,1,9,6,0.42641958594322205,-0.02191807287595672,MANUAL,MANUAL,1.0
21,2.8,disambig,noflip,rejected,10,200,0,1,0,0,0.9927858114242554,0.10885215566142023,MANUAL,MANUAL,1.0
21,2.8,disambig,noflip,rejected,10,200,0,1,1,1,0.9765647053718567,-0.018230264454435957,MANUAL,MANUAL,1.0
21,2.8,disambig,noflip,rejected,10,200,0,1,2,2,0.6988652944564819,0.04708107713852765,MANUAL,MANUAL,1.0
21,2.8,disambig,noflip,rejected,10,200,0,1,3,4,0.20935526490211487,0.12240595588892768,MANUAL,MANUAL,1.0
21,2.8,disambig,noflip,rejected,10,200,0,1,4,3,0.700555682182312,-0.05768040689409947,MANUAL,MANUAL,1.0
21,2.8,disambig,noflip,rejected,10,200,0,1,5,7,0.21174566447734833,-0.04508455773572267,MANUAL,MANUAL,1.0
21,2.8,disambig,noflip,rejected,10,200,0,1,6,6,0.36585110425949097,0.09507310629455461,MANUAL,MANUAL,1.0
21,2.8,disambig,noflip,rejected,10,200,0,1,7,8,0.20209574699401855,0.016706295728521378,MANUAL,MANUAL,1.0
21,2.8,disambig,noflip,rejected,10,200,0,1,8,9,0.07926856726408005,0.1100179496468944,MANUAL,MANUAL,1.0
21,2.8,disambig,noflip,rejected,10,200,0,1,9,5,0.12370485812425613,0.15959839264534445,MANUAL,MANUAL,1.0
